const unsigned char clguetzli_cl_src_lzo[] = {0x0,0x1e,0x23,0x69,0x66,0x6e,0x64,0x65,0x66,0x20,0x5f,0x5f,0x43,0x4c,0x5f,
  0x47,0x55,0x45,0x54,0x5a,0x4c,0x49,0x5f,0x43,0x55,0x5f,0x5f,0xd,0xa,0x23,0x64,0x65,0x66,0x69,0x6e,0x65,0x20,0x5f,0x5f,
  0x55,0x53,0x45,0x5f,0x4f,0x50,0x45,0x4e,0x43,0x4c,0x5f,0x7c,0x2,0x0,0xa,0x65,0x6e,0x64,0x69,0x66,0xd,0xa,0x2f,0x2a,
  0xd,0xa,0x20,0x2a,0x20,0x4f,0x70,0x65,0x6e,0x43,0x4c,0x20,0x4b,0x65,0x72,0x6e,0x65,0x6c,0x73,0x68,0x2,0x6c,0x0,0x0,
  0xb,0x20,0x41,0x75,0x74,0x68,0x6f,0x72,0x3a,0x20,0x73,0x74,0x72,0x6f,0x6e,0x67,0x74,0x75,0x40,0x74,0x65,0x6e,0x63,
  0x65,0x6e,0x74,0x2e,0x63,0x6f,0x6d,0x81,0x4,0x20,0xc0,0x0,0x5,0x69,0x61,0x6e,0x68,0x75,0x61,0x6e,0x67,0x37,0x80,0x0,
  0x7,0x63,0x68,0x72,0x69,0x73,0x6b,0x7a,0x68,0x6f,0x75,0x37,0x88,0x0,0x6,0x73,0x74,0x65,0x70,0x68,0x65,0x6e,0x64,0x65,
  0x30,0x18,0x1,0x4,0x2f,0xd,0xa,0x23,0x69,0x66,0x20,0xaf,0x19,0x64,0x28,0x5f,0x2b,0x30,0x3,0x1,0x29,0x20,0x7c,0x7c,
  0x2d,0x68,0x0,0x0,0x12,0x43,0x55,0x44,0x41,0x5f,0x5f,0x29,0xd,0xa,0xd,0xa,0x2f,0x2f,0x20,0x23,0x69,0x6e,0x63,0x6c,
  0x75,0x64,0x65,0x20,0x20,0x22,0x63,0x6c,0x67,0x75,0x65,0x74,0x7a,0x6c,0x69,0x2f,0x63,0xe4,0x1,0x3,0x2e,0x63,0x6c,0x2e,
  0x68,0x22,0x2d,0x25,0x4,0x2f,0x64,0x8,0x0,0x1,0x20,0x65,0x64,0x69,0x74,0x69,0x6f,0x6e,0x20,0x69,0x6d,0x70,0x6c,0x65,
  0x6d,0x65,0x6e,0x74,0x61,0x98,0x1,0x0,0x7,0x6f,0x66,0x20,0x42,0x75,0x74,0x74,0x65,0x72,0x61,0x75,0x67,0x6c,0x69,0x43,
  0x6f,0x6d,0x70,0x61,0x72,0x61,0x74,0x6f,0x72,0x2e,0x68,0x22,0x6c,0x0,0x20,0x6e,0xde,0x4,0x6e,0x64,0xcc,0x43,0x27,0x6b,
  0x8,0x4c,0x5f,0x48,0x2c,0x72,0x8,0x43,0x4c,0x2e,0x6c,0x0,0x20,0x19,0xc4,0x5,0x2c,0xa4,0x6,0x2,0x63,0x70,0x6c,0x75,
  0x73,0x6c,0x0,0x3,0x29,0x20,0x26,0x26,0x20,0x21,0x28,0x8,0x7,0x66,0x2c,0x43,0x43,0xd7,0x34,0x23,0x69,0x66,0xb3,0x14,
  0x55,0x53,0x45,0x2a,0x94,0xa,0xe4,0x37,0x1,0x22,0x43,0x4c,0x2f,0xdd,0x34,0x23,0xc4,0x57,0x80,0x14,0x28,0xd0,0x0,0x78,
  0x9,0x8c,0x1a,0x27,0xc8,0x0,0x1,0x63,0x75,0x64,0x61,0x84,0x3b,0x1,0x74,0x79,0x70,0x65,0x60,0x5,0x0,0x3,0x43,0x55,0x64,
  0x65,0x76,0x69,0x63,0x65,0x70,0x74,0x72,0x20,0x63,0x75,0x5f,0x6d,0x65,0x6d,0x3b,0xd,0xa,0x29,0x38,0x1,0x80,0xb,0x2,
  0x20,0x2f,0x2a,0x5f,0x5f,0x27,0xd0,0x2,0x8e,0x16,0x5f,0x5f,0x70,0xb,0x6e,0x15,0x2a,0x2f,0x68,0x4a,0x2c,0x4c,0xd,0xc,
  0x44,0x4f,0x55,0x42,0x4c,0x45,0x5f,0x41,0x53,0x5f,0x46,0x4c,0x4f,0x41,0x54,0x6c,0x10,0x88,0x13,0x29,0x48,0xa,0x27,
  0x38,0x1,0x39,0xc,0x4,0x28,0x51,0x1,0x6b,0x90,0x70,0x2a,0xe8,0xe,0x4,0x70,0x72,0x69,0x76,0x61,0x74,0x65,0x2a,0x48,0x0,
  0x3,0x67,0x6c,0x6f,0x62,0x61,0x6c,0x2a,0x44,0x0,0x5,0x63,0x6f,0x6e,0x73,0x74,0x61,0x6e,0x74,0x32,0x4f,0x0,0x5f,0x65,
  0x78,0x2a,0x58,0x0,0xb8,0x20,0xa4,0x15,0xf0,0x23,0xc,0x75,0x6e,0x73,0x69,0x67,0x6e,0x65,0x64,0x20,0x63,0x68,0x61,0x72,
  0x20,0x75,0x77,0x0,0x3b,0xd,0xa,0x2f,0x74,0x0,0x4,0x73,0x68,0x6f,0x72,0x74,0x20,0x75,0x99,0x0,0x3b,0x70,0x21,0x5,0x69,
  0x6e,0x74,0x20,0x67,0x65,0x74,0x5f,0xa0,0x12,0x1,0x5f,0x69,0x64,0x28,0x64,0x2,0x4,0x64,0x69,0x6d,0x29,0x3b,0xd,0xa,
  0x68,0x1,0x29,0x70,0x0,0x1,0x73,0x69,0x7a,0x65,0x2a,0x78,0x0,0x3,0x76,0x6f,0x69,0x64,0x20,0x73,0x32,0xf2,0x0,0x2c,
  0x20,0x6a,0x7,0x69,0x64,0x70,0x8,0x2e,0x94,0x0,0x2a,0x14,0x1,0xbc,0x4,0x64,0x2,0x64,0x5,0x9c,0x2e,0x64,0x3d,0x6,0x5f,
  0x5f,0x63,0x68,0x65,0x63,0x6b,0x63,0x6c,0x2a,0x4,0x3,0x64,0x79,0x5,0x6f,0x63,0x6c,0x5f,0x63,0x68,0x61,0x6e,0x74,0x9c,
  0xe,0x5f,0x74,0xd,0xa,0x7b,0xd,0xa,0x9,0x73,0x74,0x72,0x75,0x63,0x74,0xd,0xa,0x9,0x70,0x1,0xa,0x9,0x66,0x6c,0x6f,0x61,
  0x74,0x20,0x2a,0x72,0x3b,0xd,0xa,0x9,0xf1,0x1,0x67,0x2a,0x31,0x0,0x62,0x71,0x1,0x7d,0x70,0x0,0x2,0x75,0x6e,0x69,0x6f,
  0x6e,0x2d,0xdc,0x0,0x2,0x63,0x68,0x5b,0x33,0x5d,0x70,0x3,0x66,0x4,0x7d,0x20,0x2a,0xbc,0x1,0x98,0x25,0x28,0x40,0x5,
  0xb9,0x11,0x75,0x20,0x4e,0x38,0x2,0x28,0xbc,0x1,0x8e,0x5f,0x6c,0x73,0x74,0x4a,0x34,0xf0,0xd,0x2e,0xa8,0x2,0x3e,0xe6,
  0x4,0x63,0x6c,0x69,0x6a,0x20,0xa4,0x27,0xd0,0x1,0xa4,0x27,0xd0,0x1,0x28,0xe4,0x4,0x2c,0xc8,0x5,0xd9,0x3,0x78,0x79,
  0x26,0x9,0xd1,0x1,0x79,0x2a,0x32,0x0,0x62,0x5f,0x74,0x1,0x65,0x2a,0x9,0x2b,0xcc,0x5,0xcc,0x5,0x3c,0xcc,0x5,0xe0,0x7c,
  0x2b,0x88,0x11,0x60,0x7a,0x7c,0x5f,0x2e,0x8c,0x3,0x28,0x78,0x4,0x34,0x74,0x8,0xb8,0x86,0xec,0x1c,0x8d,0x88,0x20,0xcc,
  0x1c,0xb0,0x1,0x37,0x8c,0x3,0xb8,0x3,0xcc,0x1c,0xb0,0x1,0xcc,0x1c,0xb0,0x1,0x37,0x8c,0x3,0xb8,0x3,0x2f,0x8c,0x3,0x28,
  0xa4,0x2,0x80,0x39,0xb4,0xf9,0xac,0x1d,0xa8,0x98,0xa0,0x60,0x64,0x96,0x2a,0x54,0x0,0x64,0xb1,0x6c,0x0,0x34,0x60,0x13,
  0xe1,0x41,0x4f,0x24,0x9c,0x20,0x4,0x56,0x45,0x52,0x53,0x49,0x4f,0x4e,0x60,0x25,0x28,0x78,0x12,0xfc,0x8c,0x3,0x5f,0x65,
  0x78,0x20,0x5f,0x5f,0xf4,0x1,0x36,0x78,0x11,0x29,0xec,0x1,0x2e,0x50,0x1,0x68,0x13,0x29,0xc4,0xe,0x68,0x32,0x6c,0xac,
  0x2a,0x24,0x1,0xa8,0xa1,0xa,0x20,0x65,0x78,0x74,0x65,0x72,0x6e,0x20,0x22,0x43,0x22,0x20,0x5f,0xe0,0x8d,0x22,0xc,0x23,
  0xb3,0xc9,0x20,0x5f,0x5f,0x20,0xc,0x80,0x14,0x29,0xd4,0x2,0x37,0x64,0x3,0x2a,0xdc,0x10,0x20,0x15,0x5e,0x14,0x5f,0x5f,
  0xf4,0xac,0x88,0x99,0x29,0x14,0x14,0x29,0x88,0x14,0xc0,0x90,0x4,0x77,0x69,0x74,0x63,0x68,0x20,0x28,0x70,0xa6,0xd8,
  0x89,0x4,0x63,0x61,0x73,0x65,0x20,0x30,0x3a,0x6c,0x90,0x0,0x1,0x72,0x65,0x74,0x75,0x72,0x6e,0x20,0x62,0x6c,0x6f,0x63,
  0x6b,0x49,0x64,0x78,0x2e,0x78,0x20,0x2a,0xb0,0x1,0xb,0x44,0x69,0x6d,0x2e,0x78,0x20,0x2b,0x20,0x74,0x68,0x72,0x65,0x61,
  0x64,0x88,0x3,0x78,0x64,0x89,0x7,0x31,0x33,0xe9,0x0,0x79,0x2a,0xe9,0x0,0x79,0x2b,0xe8,0x0,0x8c,0x51,0x4,0x64,0x65,
  0x66,0x61,0x75,0x6c,0x74,0x33,0xed,0x0,0x7a,0x2a,0xed,0x0,0x7a,0x2b,0xed,0x0,0x7a,0x78,0xe,0x1,0x7d,0xd,0xa,0x7d,0x7c,
  0xc1,0x38,0xdc,0x3,0x74,0xb4,0x27,0xf4,0x17,0x20,0xa,0xe4,0x3,0x1,0x67,0x72,0x69,0x64,0xac,0x1d,0x2a,0xe0,0x3,0x6c,
  0xe,0x30,0xa8,0x3,0xec,0x5,0x2c,0xa4,0x3,0x6c,0x5,0x31,0x6c,0x3,0xf0,0x5,0x2c,0x68,0x3,0x70,0x5,0xf0,0x19,0x29,0xf4,
  0xa,0xf8,0x53,0xb4,0x56,0xfc,0x86,0x9c,0xe0,0x5,0x20,0x63,0x6f,0x65,0x66,0x66,0x5f,0x74,0x2b,0x80,0x17,0xa8,0x9c,0x6c,
  0x4d,0xb8,0xcd,0x2,0x5f,0x69,0x6e,0x66,0x6f,0xf0,0x8a,0x70,0xdb,0x2,0x66,0x61,0x63,0x74,0x6f,0x90,0xa5,0x74,0x1,0x98,
  0x3b,0x3,0x5f,0x77,0x69,0x64,0x74,0x68,0x60,0x10,0x28,0x48,0x0,0x2,0x68,0x65,0x69,0x67,0x68,0x69,0xb,0x9,0xe9,0x5f,
  0x20,0x8c,0x6e,0xf2,0xe,0x20,0x2a,0x94,0xf,0x70,0x6,0x2d,0x80,0x0,0xb0,0xf4,0x8,0x20,0x2a,0x70,0x69,0x78,0x65,0x6c,
  0x3b,0xd,0xa,0x7d,0x68,0xfb,0x64,0xdf,0x88,0x11,0x90,0x15,0x2a,0x7c,0x3,0x2d,0x4,0x28,0xbc,0x1c,0xe1,0x4,0x2f,0x2f,
  0x0,0x31,0x29,0xe4,0xe,0x22,0xcc,0x26,0x31,0x14,0x24,0xe8,0x86,0x4,0x64,0x6f,0x75,0x62,0x6c,0x65,0x20,0x80,0xeb,0x2b,
  0xbc,0x25,0xda,0x77,0x6b,0x42,0x68,0x5b,0x3,0x45,0x64,0x67,0x65,0x20,0x38,0x28,0xf0,0xf,0xb4,0x2,0x3,0x53,0x69,0x7a,
  0x65,0x20,0x28,0xac,0x1,0x86,0x4,0x2a,0x20,0x28,0x31,0x0,0x29,0x29,0xb7,0x0,0x44,0x43,0x54,0x98,0x8,0x20,0x8,0xc0,0x0,
  0x94,0x5,0x68,0xa,0x1,0x48,0x61,0x6c,0x66,0x2b,0x8b,0x1,0x2f,0x20,0x32,0x2a,0x64,0x1,0x80,0x5,0x2f,0x90,0x0,0x2a,0x1c,
  0x2,0x70,0x3,0x2a,0xc4,0x0,0x22,0x47,0x30,0x75,0x74,0x65,0x80,0x7,0x2a,0x3c,0x2,0x8f,0x1,0x2a,0x20,0x33,0x26,0x5c,
  0x32,0x1,0x49,0x6e,0x74,0x46,0x22,0xb4,0x21,0xe,0x50,0x61,0x69,0x72,0x3a,0x20,0x6f,0x70,0x65,0x6e,0x63,0x6c,0x20,0x76,
  0x65,0x72,0x73,0x23,0x68,0x20,0xe,0x66,0x20,0x6f,0x75,0x74,0x70,0x75,0x74,0x5f,0x6f,0x72,0x64,0x65,0x72,0x2f,0x69,
  0x6e,0x27,0x2c,0x0,0x28,0x70,0x12,0x27,0x90,0x9,0x2a,0x28,0x1,0xa8,0x6b,0x66,0x48,0x69,0x64,0x9c,0xcd,0x87,0x2f,0x20,
  0x65,0x72,0x72,0x4d,0x7d,0x20,0x2a,0xa8,0x0,0xe,0x2c,0x20,0x44,0x43,0x54,0x53,0x63,0x6f,0x72,0x65,0x44,0x61,0x74,0x61,
  0x2c,0x20,0x43,0x60,0x59,0x68,0x1,0x94,0x43,0x27,0x90,0xb,0x23,0x83,0x24,0x20,0x5f,0x5f,0x2a,0xeb,0x0,0x4c,0x69,0x73,
  0x25,0xfc,0x24,0x64,0xd,0x6c,0x7b,0x68,0x50,0x2a,0x87,0x0,0x20,0x2a,0x70,0xc8,0x9,0x2c,0xd0,0x1,0x64,0x7,0x9c,0xb,
  0x29,0xa8,0x10,0x23,0x8c,0x27,0x7,0x58,0x79,0x62,0x54,0x6f,0x56,0x61,0x6c,0x73,0x28,0xcb,0x46,0x78,0x2c,0x20,0xc5,0x1,
  0x79,0x27,0x25,0x0,0x7a,0x27,0x24,0x0,0x1,0x2a,0x76,0x61,0x6c,0x28,0x84,0x0,0x74,0x1,0x28,0x94,0x0,0x75,0x1,0x7a,0x22,
  0x48,0x28,0x29,0x8c,0x1,0xc8,0x9,0x0,0x7,0x49,0x6e,0x74,0x65,0x72,0x70,0x6f,0x6c,0x61,0x74,0x65,0x43,0x6c,0x61,0x6d,
  0x70,0x4e,0x65,0x67,0x61,0x74,0x69,0x76,0x65,0x28,0x2d,0xf8,0xc,0xd8,0x5,0x3,0x2a,0x61,0x72,0x72,0x61,0x79,0x28,0x9c,
  0x29,0x27,0xfa,0x1,0x73,0x78,0x2d,0x7c,0x1,0xec,0x18,0x0,0x6,0x44,0x69,0x66,0x66,0x4c,0x6f,0x77,0x46,0x72,0x65,0x71,
  0x53,0x71,0x75,0x61,0x72,0x65,0x64,0x41,0x63,0x63,0x75,0x6d,0x75,0x64,0xe,0xe6,0x1b,0x72,0x30,0x27,0x1d,0x1,0x67,0x28,
  0x2b,0x0,0x62,0x30,0x2c,0x65,0xbe,0x9,0x27,0x0,0x0,0xce,0x10,0x72,0x31,0x28,0xb4,0x0,0x28,0x2a,0x0,0x62,0x31,0x34,
  0xb4,0x0,0xa0,0x8b,0x27,0xc4,0x0,0x3,0x72,0x65,0x73,0x5b,0x33,0x5d,0x2d,0xac,0x2,0xc0,0xb,0x7,0x44,0x6f,0x74,0x50,
  0x72,0x6f,0x64,0x75,0x63,0x74,0x2e,0xf4,0x3,0xac,0x46,0x2,0x75,0x5b,0x33,0x5d,0x2c,0xdc,0x8d,0xc9,0x6,0x76,0x30,0x30,
  0x1,0x80,0x1f,0xd,0x4f,0x70,0x73,0x69,0x6e,0x41,0x62,0x73,0x6f,0x72,0x62,0x61,0x6e,0x63,0x65,0x28,0xb0,0x94,0xd2,0x6,
  0x69,0x6e,0x80,0x9,0xd7,0x1,0x6f,0x75,0x74,0x35,0x10,0x1,0x5,0x52,0x67,0x62,0x54,0x6f,0x58,0x79,0x62,0x27,0x98,0x4,
  0x27,0x15,0x3,0x67,0x27,0x25,0x0,0x62,0x27,0x24,0x0,0x71,0x3c,0x78,0x2b,0x34,0x0,0x20,0x4,0x0,0x8,0x2,0x47,0x61,0x6d,
  0x6d,0x61,0xe5,0xc,0x76,0x2d,0x60,0x4,0x8c,0x19,0x29,0x74,0x3f,0x90,0x78,0x65,0x3a,0x28,0x27,0x94,0x21,0xec,0x52,0x4,
  0x78,0x79,0x62,0x30,0x5b,0x33,0x20,0xe4,0x81,0x75,0x7b,0x5d,0x2a,0x45,0x6,0x20,0x32,0xc5,0x0,0x31,0x3b,0xc4,0x0,0xc0,
  0x24,0x8,0x64,0x69,0x66,0x66,0x5f,0x78,0x79,0x62,0x5f,0x64,0x63,0x7c,0x26,0x29,0x4c,0x8,0xec,0xf,0x27,0x85,0x0,0x61,
  0x3f,0x84,0x0,0x1,0x65,0x64,0x67,0x65,0xa0,0x9,0x3d,0xa8,0x3,0x6,0x38,0x78,0x38,0x43,0x6f,0x72,0x6e,0x65,0x72,0x74,
  0xa2,0x1,0x44,0x65,0x74,0x65,0x7c,0xd3,0x8b,0x1f,0xd,0xa,0x9,0x70,0x7c,0x2,0x70,0x6f,0x73,0x5f,0x78,0x64,0x1c,0xf1,
  0x1,0x79,0xf1,0x1,0x78,0x7c,0x7f,0xf1,0x1,0x79,0xf0,0x1,0x2d,0x40,0xd,0xab,0x4a,0x2a,0x72,0x2c,0x27,0x10,0x27,0xc4,
  0x4b,0xc1,0x3,0x67,0x36,0x61,0x0,0x62,0x64,0xb,0x35,0x31,0x1,0x32,0x36,0xd1,0x0,0x67,0x37,0x66,0x0,0x62,0x32,0x7c,0x9,
  0xc9,0x2d,0x2a,0xe4,0x29,0x72,0x23,0xd,0xa,0x29,0xb8,0x10,0x70,0x1c,0x2,0x4d,0x61,0x6b,0x65,0x49,0x61,0xaf,0x4f,0x6e,
  0xb0,0x45,0x78,0xd4,0x5a,0x86,0xee,0x5f,0x74,0x24,0x18,0x26,0x80,0x3a,0x2,0x38,0x20,0x2a,0x20,0x38,0x27,0xa8,0xc,0xfc,
  0x3,0x2,0x6f,0x72,0x69,0x67,0x5f,0x84,0xfb,0x2b,0x90,0x0,0x2a,0x90,0x14,0x72,0xa1,0x20,0x2a,0x29,0x70,0x17,0x2f,0x1c,
  0x2,0xc1,0x15,0x46,0x23,0xb9,0x20,0x32,0xe4,0x10,0x29,0x50,0x21,0x4,0x20,0x6d,0x61,0x79,0x6f,0x75,0x74,0x26,0x20,0x39,
  0x2a,0xc5,0x8,0x20,0x29,0xc,0xa,0xa0,0x72,0xe8,0x13,0x7,0x2a,0x63,0x61,0x6e,0x64,0x69,0x64,0x61,0x74,0x65,0xa0,0x14,
  0x68,0x22,0x99,0x8e,0x20,0xd0,0x32,0x78,0x1f,0x88,0x17,0xa8,0x3e,0x35,0x6c,0x0,0x84,0x40,0xcc,0x3,0x34,0x84,0x6,0x8c,
  0x20,0x8,0x69,0x6d,0x61,0x67,0x65,0x5f,0x62,0x61,0x74,0x63,0x68,0x29,0xa0,0x1,0x34,0xc0,0x0,0x7,0x6d,0x61,0x73,0x6b,
  0x5f,0x73,0x63,0x61,0x6c,0x65,0x29,0xa8,0x0,0xb0,0x17,0x6c,0x12,0xa9,0x9,0x77,0x22,0xa0,0x24,0x39,0x7c,0x0,0x24,0xd4,
  0x24,0x36,0x2c,0x5,0x62,0xf4,0x61,0x72,0xa0,0xf4,0xbd,0x2a,0x31,0x20,0xd,0x5f,0x5,0x9,0x9,0x9,0x20,0x12,0x68,0x5,0x94,
  0x6,0x28,0x24,0x3,0x2e,0x74,0x5,0x33,0x78,0x0,0x28,0x80,0x5,0x98,0x3,0x34,0xc8,0x4,0x37,0x8c,0x5,0x39,0xcc,0x0,0x31,
  0x98,0x5,0x94,0x5,0x28,0x7c,0x2,0x32,0xa4,0x5,0x33,0x88,0x0,0x20,0xf,0xb0,0x5,0x20,0x11,0xac,0x5,0x28,0x24,0x15,0xb8,
  0x13,0x3f,0x14,0xb,0x7c,0x14,0xa8,0x5,0x6c,0x46,0x32,0xa4,0x5,0x2e,0x74,0x0,0x2c,0xa0,0x5,0x20,0x12,0x9c,0x5,0x34,
  0xc8,0x0,0x35,0x98,0x5,0x28,0xf4,0x1,0x36,0x94,0x5,0x2e,0x84,0x0,0xb0,0x2c,0x27,0xc8,0xb,0x2c,0x80,0x3,0xa8,0xfe,0x2f,
  0xb8,0xb,0x90,0xd9,0x94,0xab,0x2,0x63,0x6f,0x70,0x79,0x28,0x84,0x1,0x2,0x20,0x2a,0x64,0x73,0x74,0xec,0xfa,0xc7,0x2,
  0x73,0x72,0x63,0x28,0x80,0x23,0x74,0x8,0x29,0x18,0x14,0x8c,0x8,0x9c,0x2d,0x8c,0x8,0x86,0x1,0x5f,0x74,0x2b,0x14,0x1,
  0x27,0x4c,0x0,0x20,0x9,0x1f,0x1,0x5f,0x67,0x28,0x27,0xd4,0x0,0x9c,0x11,0x2d,0xf4,0x4,0x27,0x70,0x0,0x3a,0x48,0x1,0x68,
  0x3b,0x8,0x6c,0x69,0x73,0x74,0x5f,0x65,0x72,0x61,0x73,0x65,0x28,0x30,0x58,0x15,0x70,0x3,0xa2,0x1b,0x69,0x64,0x2e,0xb4,
  0x26,0x27,0xf0,0x0,0x6,0x70,0x75,0x73,0x68,0x5f,0x62,0x61,0x63,0x6b,0x3c,0x1,0x1,0x2c,0x24,0x2,0x33,0x20,0x66,0x32,
  0x7c,0x4,0x23,0xdc,0x2c,0x3,0x54,0x6f,0x49,0x44,0x43,0x54,0x29,0x9c,0x20,0xa8,0x38,0xe8,0x19,0x91,0x50,0x5b,0xe0,0xc5,
  0x23,0x80,0x55,0x22,0x84,0x2f,0xc4,0x2,0x2d,0x54,0x1,0xf0,0x6,0x2,0x51,0x75,0x61,0x6e,0x74,0x22,0xd4,0x54,0xe0,0x2,
  0x1,0x72,0x61,0x77,0x5f,0x8c,0x1,0xbd,0x1a,0x71,0x7c,0x3,0x2d,0xec,0x0,0x2,0x62,0x6f,0x6f,0x6c,0x20,0xe0,0x7,0x23,
  0xfc,0x22,0x27,0xac,0x5,0xad,0x10,0x6b,0x2a,0xb1,0x34,0x5d,0x2f,0x0,0x1d,0x66,0x23,0x71,0x5b,0x2c,0x90,0x0,0x2d,0x88,
  0x1,0x90,0x42,0x0,0x6,0x43,0x6f,0x6c,0x6f,0x72,0x54,0x72,0x61,0x6e,0x73,0x66,0x6f,0x72,0x6d,0x59,0x43,0x62,0x43,0x72,
  0x54,0x6f,0x52,0x47,0x42,0x28,0x28,0x29,0xb0,0x1c,0x23,0xfc,0x39,0x25,0xc0,0x27,0x64,0xec,0x25,0x50,0x47,0x8c,0x8,0x6,
  0x63,0x6c,0x43,0x6f,0x6e,0x76,0x6f,0x6c,0x75,0x22,0x60,0x65,0x2,0x45,0x78,0x28,0xd,0xa,0x28,0x98,0x3b,0xd0,0x53,0x0,
  0x1,0x5f,0x5f,0x72,0x65,0x73,0x74,0x72,0x69,0x63,0x74,0x5f,0x5f,0x20,0x72,0x65,0x73,0x75,0x6c,0x74,0x74,0x60,0x2d,
  0xc0,0x8,0x32,0xb3,0x0,0x69,0x6e,0x70,0xe0,0x5d,0x6c,0x1a,0x27,0x90,0x22,0x34,0xe8,0x0,0x8,0x6d,0x75,0x6c,0x74,0x69,
  0x70,0x6c,0x69,0x65,0x72,0x73,0x2a,0xd7,0x0,0x6c,0x65,0x6e,0x78,0xd,0xac,0x39,0xba,0x8,0x74,0x65,0x2b,0x5c,0x1,0x2,
  0x6f,0x66,0x66,0x73,0x65,0x2d,0x49,0xd,0x62,0x23,0xd2,0x36,0x5f,0x72,0x22,0xc1,0x68,0x29,0x24,0x40,0x36,0x28,0x4,0x1,
  0x1,0x6f,0x78,0x20,0x3d,0x2d,0xcd,0x5c,0x30,0x61,0x2c,0x9,0x28,0x89,0x0,0x79,0x2f,0x85,0x0,0x31,0x64,0x4,0x0,0x2,0xd,
  0xa,0x9,0x2f,0x2f,0x20,0x45,0x61,0x72,0x6c,0x79,0x20,0x65,0x78,0x69,0x74,0x20,0x66,0x6f,0x72,0x70,0x48,0x7,0x20,0x6f,
  0x66,0x20,0x62,0x6f,0x75,0x6e,0x64,0x73,0x22,0xa8,0x26,0x4,0x66,0x20,0x28,0x6f,0x78,0x20,0x3e,0x2b,0x8c,0x1,0x22,0x4e,
  0x26,0x28,0x30,0x23,0xa9,0x6c,0x79,0x32,0x6b,0x0,0x31,0x29,0x29,0x22,0x98,0x29,0x24,0xb0,0x49,0x23,0x74,0x36,0x29,
  0x35,0x2,0x6f,0x88,0x27,0x2c,0x48,0x2,0xc0,0xa,0x22,0xd0,0x37,0x29,0xd8,0x2,0x74,0x2,0x31,0x9c,0x0,0xf0,0x17,0x28,
  0xa4,0x0,0x69,0x20,0x6f,0x22,0x29,0x4b,0x78,0x22,0xd8,0x6f,0xa0,0xe,0xad,0x38,0x77,0x23,0xc0,0x43,0x1,0x5f,0x6e,0x6f,
  0x5f,0xb0,0x28,0x1,0x20,0x3d,0x20,0x30,0x74,0xc,0x68,0x1d,0x23,0xf9,0x48,0x6a,0x84,0x2,0x7,0x20,0x6a,0x20,0x3c,0x3d,
  0x20,0x32,0x20,0x2a,0x20,0xbc,0x2f,0x2,0x3b,0x20,0x6a,0x2b,0x2b,0x6c,0x18,0x23,0x14,0x5f,0x2f,0x13,0x1,0x2b,0x3d,0x20,
  0x29,0x82,0x7,0x5b,0x6a,0x24,0x8c,0x5e,0x22,0xc0,0x4a,0x23,0x6b,0x2b,0x6d,0x69,0x6e,0x67,0x12,0x78,0x20,0x3c,0xd8,0x9,
  0x7,0x20,0x3f,0x20,0x30,0x20,0x3a,0x20,0x78,0x20,0x2d,0xc0,0x2,0x68,0x10,0x7b,0x3f,0x6d,0x61,0x78,0x64,0x5,0x1,0x6d,
  0x69,0x6e,0x28,0x96,0x22,0x2c,0x20,0x22,0xf,0x4e,0x6c,0x65,0x6e,0x27,0xa4,0x0,0xc0,0x35,0x2a,0x34,0x3,0x67,0x16,0x2e,
  0x30,0x66,0x6c,0x8,0x2b,0x18,0x3,0x79,0xe,0x3b,0x65,0x19,0x20,0x78,0xa,0x32,0x9,0x3,0x20,0x2e,0xe2,0x2,0x20,0x2d,0x80,
  0xe,0xb0,0x1e,0x29,0x14,0x3,0xa4,0x1e,0x7,0x20,0x3d,0x20,0x28,0x31,0x2e,0x30,0x20,0x2d,0x20,0xb0,0x27,0xc7,0x50,0x20,
  0x2a,0x20,0xdd,0x3,0x2b,0x2b,0x60,0x0,0x27,0x5c,0x0,0x28,0xb8,0x5,0x8c,0x14,0x22,0x55,0x42,0x20,0x23,0xf,0x26,0x20,
  0x3d,0x20,0x7d,0x9,0x2f,0xdc,0x7,0x2a,0xa3,0x6,0x73,0x75,0x6d,0x20,0x13,0x5c,0x3,0x78,0x6,0x4,0x2b,0x3d,0x20,0x69,
  0x6e,0x70,0x5b,0x22,0x94,0x4e,0x90,0x28,0x4,0x20,0x2b,0x20,0x6a,0x5d,0x20,0x2a,0x2c,0x88,0x6,0x36,0xa4,0x3,0xad,0x80,
  0x5b,0x94,0x47,0x23,0xac,0x31,0x5,0x20,0x2b,0x20,0x79,0x5d,0x20,0x3d,0x20,0x65,0xb,0x2a,0xb8,0x16,0x22,0xb8,0x4b,0x72,
  0x3b,0x5f,0x5f,0x37,0xb5,0x11,0x58,0x20,0xc,0xb8,0x11,0x29,0xe4,0xa,0x6c,0x5c,0x2a,0x84,0x10,0x8c,0x10,0x6c,0x84,0x34,
  0x5c,0x11,0x2b,0xfc,0x12,0x68,0x92,0x2a,0x8c,0x13,0xb8,0xa,0xa9,0x45,0x2a,0x29,0x80,0xa,0x2a,0x7c,0x1,0x2f,0x4,0x12,
  0x64,0x66,0x2a,0x80,0x0,0xac,0x41,0xe4,0x2,0xb0,0x9,0x2b,0xf8,0x7,0x2e,0x0,0x12,0x60,0x58,0x2c,0x40,0x5a,0x2,0x30,
  0x29,0x20,0x2a,0x20,0x7c,0xa,0x78,0x3f,0xb0,0x12,0x70,0x5d,0x38,0x18,0x12,0x1,0x69,0x66,0x20,0x28,0x8c,0x8c,0xbf,0x37,
  0x7c,0x7c,0x20,0x98,0x8a,0x8c,0x21,0x75,0x70,0x9,0x2a,0x24,0x11,0xb1,0x5,0x25,0x80,0xc,0x2,0x20,0x21,0x3d,0x20,0x30,
  0x2f,0x84,0x0,0xb0,0x16,0xac,0x54,0x28,0x2c,0xa,0x78,0x4b,0x60,0x12,0x2b,0xcd,0xc,0x30,0x80,0x66,0x20,0x0,0xdd,0xe8,
  0xf,0x2a,0xdd,0x10,0x78,0x20,0x11,0xe5,0xf,0x59,0x20,0x0,0x17,0xe4,0xf,0x28,0x88,0x10,0x25,0x94,0x21,0x20,0x5,0x1,
  0x10,0x9,0x3d,0xf8,0xf,0x9e,0x3,0x79,0x20,0x20,0x79,0x78,0x10,0x75,0xa0,0x79,0x2e,0x65,0x20,0x79,0x27,0xbc,0x1f,0x64,
  0x94,0x73,0xa5,0x6d,0x61,0x78,0x64,0x5,0x22,0x64,0x20,0x9a,0xa0,0x2c,0x20,0x22,0x88,0x6d,0x20,0x19,0x65,0x20,0x79,
  0x80,0x9d,0x22,0x64,0x20,0x64,0x1,0x2f,0x70,0x23,0x32,0x64,0x20,0x60,0xe,0xb4,0xc1,0x20,0x7a,0x64,0x20,0x76,0x19,0x20,
  0x3c,0x31,0x5c,0x3,0x7c,0xf7,0x25,0x64,0x20,0x1,0x6a,0x20,0x2a,0x20,0xa7,0xcb,0x2b,0x20,0x78,0x32,0x64,0x20,0x33,0xa4,
  0x3,0x25,0x64,0x20,0x20,0x13,0x78,0x10,0x24,0xa6,0x5e,0x53,0x61,0x22,0xa4,0x97,0x20,0x46,0x78,0x10,0x23,0xe4,0x3f,
  0x22,0xdc,0x20,0x28,0xbc,0x1d,0x23,0x30,0x2c,0xe0,0xf9,0x6d,0x4a,0x79,0x6c,0xf2,0x2f,0x0,0x31,0x32,0xfc,0x1e,0x74,
  0x50,0x28,0x20,0x1,0x60,0x51,0x2c,0x84,0x1f,0x23,0x8,0x2e,0x88,0x6d,0x20,0x5,0xd4,0xe,0x68,0x7c,0x3,0x6e,0x74,0x20,
  0x78,0x5f,0x73,0x8e,0x22,0x20,0x3d,0x23,0x2c,0x2c,0x1,0x78,0x20,0x25,0x20,0x90,0x14,0x78,0xd,0x80,0x14,0x28,0x7c,0x0,
  0x64,0x62,0x78,0x78,0x8c,0x16,0x24,0xa0,0x28,0x84,0x7f,0x27,0x84,0x0,0x68,0x8,0x1,0x26,0x26,0x20,0x79,0x29,0x41,0x0,
  0x79,0x2f,0x24,0x20,0x36,0xc,0x7,0x95,0x25,0x5b,0x27,0xec,0x0,0x29,0x78,0x8,0xd8,0x9,0x64,0x5e,0x25,0x4,0x7a,0x2c,
  0xcc,0x27,0x23,0x64,0x62,0x6,0x44,0x79,0x6e,0x61,0x6d,0x69,0x63,0x73,0x49,0x22,0x24,0x52,0x34,0x81,0x7,0x72,0x6c,0x31,
  0x27,0xc,0x27,0x24,0x46,0x22,0x2a,0x67,0x32,0x50,0x0,0x23,0x40,0x5a,0x28,0xb0,0x5,0x23,0x40,0x28,0x37,0x54,0x27,0x6,
  0x72,0x5f,0x62,0x6c,0x75,0x72,0x72,0x65,0x64,0x2b,0x24,0x1,0xb4,0x7,0xf0,0xc,0x20,0x1,0x89,0x0,0x62,0xe8,0x4,0x2f,
  0x31,0x8,0x69,0x2c,0xbf,0x35,0x69,0x64,0x28,0x24,0x30,0x39,0x6d,0x2f,0x69,0x22,0xa8,0x37,0x78,0x13,0x2f,0x98,0x5,0x25,
  0x54,0x59,0x2,0x70,0x72,0x65,0x5b,0x33,0x65,0xe8,0x7b,0x27,0x98,0x2,0x2,0x5b,0x69,0x5d,0x2c,0x20,0x22,0xd8,0x5a,0x90,
  0x16,0x94,0x1,0x27,0xf3,0x1,0x5b,0x69,0x5d,0x23,0x14,0x8e,0x28,0xf4,0x0,0x3,0x5f,0x6d,0x69,0x78,0x65,0x64,0x25,0xcc,
  0x93,0x84,0x2d,0x29,0xc,0x68,0x5,0x70,0x72,0x65,0x2c,0x20,0x70,0x72,0x65,0xb0,0x4,0x25,0x5c,0x34,0xcc,0x7,0x8,0x73,
  0x65,0x6e,0x73,0x69,0x74,0x69,0x76,0x69,0x74,0x79,0xd4,0x7,0x2a,0x45,0x0,0x30,0x6c,0x12,0x24,0xa0,0x66,0x27,0xfc,0x0,
  0x3,0x5b,0x30,0x5d,0x29,0x20,0x2f,0x28,0x3e,0x1,0x5b,0x30,0x69,0x3e,0x9,0x2a,0xd9,0x0,0x31,0x32,0xd9,0x0,0x31,0x2d,
  0xd9,0x0,0x31,0x2f,0xd9,0x0,0x32,0x32,0xd9,0x0,0x32,0x2d,0xd9,0x0,0x32,0x7b,0x6,0xd,0xa,0x9,0xdc,0x17,0x4,0x63,0x75,
  0x72,0x5f,0x72,0x67,0x62,0xf4,0x27,0x9d,0x24,0x67,0x95,0x0,0x62,0x2d,0x94,0x4,0x64,0x5,0x3a,0x94,0x4,0x7c,0x3,0x2,
  0x72,0x67,0x62,0x2c,0x20,0x60,0x1,0x80,0x5,0x65,0x25,0x9,0x27,0x34,0x0,0x4,0x5b,0x30,0x5d,0x20,0x2a,0x3d,0x20,0x2a,
  0x9c,0x3,0xa4,0x1f,0x28,0x85,0x0,0x31,0x2f,0x84,0x0,0xb0,0x1c,0x28,0x85,0x0,0x32,0x2f,0x84,0x0,0x2d,0x3c,0x3,0x3,0x78,
  0x2c,0x20,0x79,0x2c,0x20,0x23,0x28,0x87,0x27,0x14,0x6e,0x28,0xf9,0x0,0x30,0x22,0x6e,0x63,0x75,0x72,0xa2,0x39,0x5b,
  0x31,0x2b,0x34,0x0,0xa,0x32,0x5d,0x2c,0x20,0x26,0x78,0x2c,0x20,0x26,0x79,0x2c,0x20,0x26,0x23,0xd0,0x75,0x1,0x9,0x72,
  0x5b,0x69,0x68,0x2a,0x23,0xf4,0x79,0x73,0x22,0x20,0x3d,0x20,0x23,0x80,0x89,0x6a,0x23,0x20,0x3d,0x94,0xc,0x33,0xa8,0xe,
  0x5,0x4d,0x61,0x73,0x6b,0x48,0x69,0x67,0x68,0x22,0x8c,0x76,0x78,0x43,0x4,0x79,0x43,0x68,0x61,0x6e,0x67,0x65,0x34,0xbc,
  0xe,0x22,0xfe,0x6d,0x5f,0x78,0x29,0xf8,0x4a,0xd4,0x69,0x9d,0x2,0x79,0x35,0x5c,0x0,0x2d,0xe8,0xe,0x8c,0xcc,0x2c,0xc2,
  0x15,0x69,0x7a,0x23,0xe0,0x61,0x2e,0x20,0x10,0x1,0x78,0x79,0x62,0x31,0x35,0xb6,0x1,0x31,0x5f,0x34,0xb6,0x1,0x31,0x5f,
  0x94,0xd,0x27,0x24,0x1,0x2b,0xce,0xf,0x63,0x30,0x2b,0x34,0x1,0x2e,0x6c,0x0,0x2a,0x44,0x1,0x2e,0x6c,0x0,0x3a,0x54,0x1,
  0x2c,0x8c,0x2,0x2c,0xe4,0x0,0x2c,0x9c,0x2,0x2e,0x6d,0x0,0x62,0x2f,0x64,0x11,0x20,0x46,0x98,0x19,0x7c,0x93,0x1,0x5f,
  0x74,0x20,0x69,0x78,0xd,0x2b,0xe8,0x1e,0x6c,0xcc,0xb4,0x14,0xce,0x6e,0x61,0x76,0xf4,0x95,0x22,0xad,0x4a,0x28,0x68,
  0x28,0x8,0x5b,0x69,0x78,0x5d,0x20,0x2b,0x20,0x63,0x31,0x5f,0x78,0x68,0x1,0x22,0x18,0x3b,0x1,0x30,0x2e,0x35,0x66,0x6d,
  0xad,0x9,0x61,0x4,0x79,0x74,0x2,0xa0,0x4,0x88,0x1,0x2f,0x81,0x0,0x62,0x28,0x80,0x0,0x88,0x1,0x2a,0x80,0x0,0x2a,0xac,
  0x13,0x5,0x73,0x71,0x72,0x5f,0x6d,0x61,0x78,0x5f,0x22,0xbc,0x70,0x2,0x20,0x3d,0x20,0x2d,0x31,0x74,0x13,0x23,0xac,0x49,
  0x78,0xe0,0x24,0xd2,0x25,0x5b,0x34,0x74,0x5e,0x6,0x7b,0x2d,0x31,0x2c,0x20,0x31,0x2c,0x20,0x2d,0x22,0xb5,0x4a,0x29,
  0x24,0x97,0x48,0x29,0x2c,0x20,0x2a,0x34,0x0,0x80,0xb,0x23,0xe0,0x49,0x24,0x9c,0x3e,0xc0,0x7,0x3,0x78,0x20,0x3d,0x3d,
  0x20,0x30,0x24,0x45,0x49,0x31,0x6c,0x1,0xd9,0x53,0x79,0x6d,0x1,0x30,0x24,0x3c,0x29,0x9c,0x2,0x23,0x7c,0x29,0xb0,0x8,
  0x27,0x6f,0x3c,0x64,0x69,0x72,0x23,0xbd,0x3c,0x20,0x60,0x1,0x7,0x3c,0x20,0x34,0x3b,0x20,0x2b,0x2b,0x64,0x69,0x72,0x84,
  0xbf,0x9c,0x14,0x90,0xff,0xdc,0xd,0x1,0x64,0x69,0x72,0x5d,0x84,0x3,0x24,0xd1,0xab,0x9,0x22,0xb0,0x4f,0x2,0x74,0x69,
  0x6e,0x75,0x65,0x77,0x1a,0x9,0x9,0x7d,0x7c,0x2b,0x6e,0x2,0x73,0x74,0x23,0xf4,0x9a,0x2,0x69,0x78,0x32,0x20,0x3d,0x65,
  0x34,0x2b,0x25,0x35,0x4c,0x5b,0x60,0x8,0xac,0x5,0xcc,0x33,0xdc,0x22,0x3,0x30,0x2e,0x35,0x20,0x2a,0x20,0xe5,0x2f,0x32,
  0xcc,0x33,0x68,0x2f,0x7e,0xa9,0x2d,0x20,0x68,0x38,0xae,0x93,0x9,0x9,0x8b,0x6,0x2a,0x3d,0x20,0x7c,0x0,0xac,0x9,0x6c,
  0xd6,0x2b,0xa1,0x5,0x3c,0x90,0x3,0x2b,0xa4,0x2,0x2b,0x7c,0x0,0x2a,0xf0,0x0,0x90,0x16,0x70,0x0,0x6c,0x0,0x2b,0xdf,0x8,
  0x6b,0x52,0x65,0x22,0x8c,0x83,0x0,0x7,0x69,0x6f,0x6e,0x58,0x20,0x3d,0x20,0x32,0x37,0x35,0x2e,0x31,0x39,0x31,0x36,0x35,
  0x32,0x34,0x30,0x30,0x35,0x39,0x33,0x31,0x37,0x70,0xf,0x35,0xc1,0x0,0x59,0x22,0x0,0x4c,0xc,0x38,0x35,0x39,0x39,0x2e,
  0x34,0x31,0x32,0x38,0x36,0x33,0x30,0x36,0x39,0x39,0x88,0x3f,0x35,0xbc,0x0,0x9,0x5a,0x20,0x3d,0x20,0x34,0x31,0x30,0x2e,
  0x38,0x39,0x39,0x35,0x70,0x5,0x2,0x35,0x31,0x30,0x36,0x35,0x30,0x7c,0x1,0x6,0x43,0x68,0x72,0x6f,0x6d,0x61,0x42,0x61,
  0x6c,0x22,0xac,0x84,0x68,0xc,0xc,0x30,0x36,0x2e,0x39,0x35,0x38,0x30,0x30,0x39,0x34,0x38,0x32,0x37,0x31,0x30,0xac,0x12,
  0xc9,0x2b,0x63,0x90,0x5,0x24,0x4c,0x74,0x1,0x20,0x3d,0x20,0x6b,0x2c,0xf3,0x0,0x2f,0x20,0x28,0xb2,0x2a,0x20,0x2b,0x2d,
  0x68,0x0,0x7a,0xc8,0xd,0xa,0xd8,0x38,0xcf,0x9,0x6d,0x69,0x78,0xc8,0xd6,0x68,0x3c,0x2b,0x66,0x1,0x2a,0x20,0x2a,0x9f,
  0x4,0x2f,0x20,0x28,0x2b,0xa5,0x5,0x2b,0x2a,0x75,0x0,0x29,0x9c,0x6b,0x28,0xba,0x0,0x59,0x20,0x3a,0xb9,0x0,0x59,0xb8,
  0x5,0x37,0xb1,0x1,0x5a,0x3b,0xf5,0x0,0x5a,0x94,0x7,0x92,0x5d,0x2f,0x2f,0x22,0xf4,0x92,0x26,0xf4,0x8e,0x0,0x3,0x20,
  0x6c,0x69,0x6e,0x65,0x72,0x61,0x6c,0x79,0x20,0x62,0x65,0x74,0x77,0x65,0x65,0x6e,0x20,0x74,0x68,0x65,0x60,0x4c,0x3,
  0x72,0x61,0x67,0x65,0x20,0x63,0x22,0x74,0x62,0x1,0x20,0x61,0x6e,0x64,0xb7,0x2,0x63,0x74,0x75,0x22,0xb8,0xbc,0x22,0xf8,
  0x5c,0xa4,0x3,0x4,0x2d,0x2d,0x20,0x74,0x6f,0x20,0x72,0x61,0x43,0x65,0x88,0x4,0x3,0x69,0x6d,0x70,0x6f,0x72,0x74,0x9c,
  0x31,0x5,0x6f,0x66,0x20,0x74,0x68,0x69,0x73,0x20,0x23,0xe4,0x62,0x1,0x2e,0xd,0xa,0x9,0x88,0xca,0x80,0x8c,0x22,0x80,
  0x55,0x9e,0xcc,0x29,0x28,0x68,0x29,0x69,0xf3,0x20,0x29,0x1c,0x12,0x2,0x28,0x31,0x20,0x2d,0x20,0xa0,0x3,0x60,0x89,0x61,
  0x33,0x30,0x23,0xec,0x8d,0x68,0x8,0xcc,0x94,0x33,0x8,0x1,0xee,0x3,0x2b,0x20,0x37,0x8,0x1,0xfd,0x10,0x79,0x86,0x96,
  0x3d,0x20,0x24,0x3c,0x6f,0xbc,0x10,0x22,0x0,0x20,0x7c,0x10,0xac,0x3,0x29,0x10,0x1,0x22,0xf1,0x23,0x2a,0x72,0x22,0x5b,
  0x31,0x29,0x1c,0x2,0xb8,0x4,0x32,0xa,0x1,0x31,0x5f,0xac,0x3,0x39,0x8,0x1,0xfc,0x10,0x98,0xa5,0x2d,0x30,0x3,0x22,0x98,
  0x21,0x7c,0x10,0xac,0x3,0x29,0x10,0x1,0x74,0x7f,0xbd,0x10,0x32,0x29,0x1c,0x2,0xb8,0x4,0x2c,0x1c,0x2,0xaa,0x8,0x31,
  0x5f,0xac,0x3,0x39,0x8,0x1,0x33,0x4,0x21,0x2a,0xef,0x8a,0x4d,0x61,0x70,0x34,0xe4,0x20,0x24,0x8c,0x31,0x6c,0x58,0xb4,
  0x78,0x64,0xb8,0x1,0x72,0x65,0x73,0x5f,0xd8,0xad,0x2c,0x50,0x0,0x8c,0xad,0x6c,0x5,0x34,0x1c,0x1f,0x20,0x66,0x38,0x8b,
  0x68,0x18,0xd8,0x17,0x68,0x1,0xb0,0x16,0x8c,0xb7,0x33,0x4,0x39,0x94,0x1d,0x35,0xe0,0x30,0x2d,0xf8,0x3,0x2f,0x94,0x0,
  0x23,0x24,0x39,0x22,0x7b,0x38,0x66,0x20,0x28,0xbe,0x8,0x3e,0x3d,0x22,0x60,0x6e,0xb8,0x27,0x22,0x30,0xd6,0x74,0x2,0x23,
  0x38,0x58,0x80,0x1,0x7c,0xfb,0x84,0xb8,0x2b,0x4b,0x58,0x6e,0x74,0x20,0x23,0x3d,0x91,0x20,0xcc,0x7,0x28,0x70,0x49,0x9c,
  0xe2,0x6c,0x3,0x22,0x10,0x3b,0x84,0x8,0x28,0x6c,0x0,0xd8,0xe,0x74,0x3,0x29,0x18,0x3b,0x3,0x2d,0x20,0x28,0x38,0x20,
  0x2d,0x23,0x78,0x59,0x2d,0x18,0x6b,0x8c,0xde,0x74,0x5,0x98,0x11,0x95,0x22,0x20,0x38,0xb7,0x0,0xd,0xa,0x9,0x6c,0x5,
  0x22,0x20,0x22,0x22,0x14,0x47,0x8d,0x1,0x2c,0x25,0x1f,0x42,0x2d,0x20,0x38,0x7c,0xa9,0x80,0x4,0x60,0x13,0xe3,0x4,0x79,
  0x2c,0x20,0xf8,0xa,0x80,0x4,0x28,0x84,0x30,0x78,0xda,0x22,0x14,0x97,0xdf,0xad,0x30,0x2e,0x30,0x90,0x98,0x29,0x70,0x99,
  0x38,0xc4,0x95,0xc8,0xf,0x79,0x0,0x79,0xc4,0x10,0xdc,0xc,0x64,0x51,0x23,0xc0,0x8d,0x70,0x0,0x4,0x20,0x72,0x2c,0x20,
  0x67,0x2c,0x20,0x23,0x40,0x28,0x7c,0x1,0x8c,0x0,0x6,0x20,0x72,0x32,0x2c,0x20,0x67,0x32,0x2c,0x20,0x24,0xa0,0x93,0x8c,
  0x2,0x72,0x0,0x20,0x26,0x27,0x44,0x2,0xac,0x92,0x70,0x29,0x2,0x6e,0x74,0x20,0x69,0x64,0x61,0x1e,0x28,0xe4,0x2d,0x7c,
  0x0,0x86,0x49,0x20,0x2b,0xb4,0x3a,0x60,0x99,0x2,0x33,0x3b,0xd,0xa,0x9,0xbb,0x66,0x5b,0x69,0x64,0x23,0xcc,0x55,0x29,
  0x30,0x1,0x2c,0x73,0x0,0x20,0x2b,0x20,0x23,0x1c,0x36,0x27,0x80,0x0,0xbc,0xfd,0x28,0xf7,0x0,0x20,0x2b,0x20,0x23,0xc4,
  0x35,0x27,0x80,0x0,0x23,0x28,0x32,0x33,0x39,0xf,0x42,0x22,0x68,0xb0,0x22,0xc,0x9a,0x37,0x2c,0xf,0x23,0x48,0x7b,0x23,
  0x57,0x26,0x5f,0x64,0x63,0x30,0xd0,0x2f,0x29,0x7a,0x0,0x61,0x63,0x6c,0x27,0x2c,0x74,0xb,0x80,0x1d,0x2a,0xfc,0x2f,0x74,
  0x1f,0x9c,0x39,0x6c,0x5,0x20,0x0,0x6b,0xc5,0xf,0x28,0x68,0x61,0x22,0xa4,0x75,0x28,0xf8,0xb7,0xc4,0x7e,0x2,0x20,0x2d,
  0x20,0x31,0x29,0x22,0x9c,0x43,0x8c,0x39,0x2c,0xa0,0x11,0x98,0x7f,0x88,0x7,0x22,0xbc,0x50,0x38,0xe8,0x0,0x84,0x3e,0x2c,
  0xeb,0x0,0xd,0xa,0x9,0x62,0x97,0x5f,0x74,0x90,0x60,0x23,0x70,0x32,0x8e,0x43,0x20,0x2a,0x80,0x2,0x90,0xd,0xe4,0x64,
  0x7c,0x5f,0xd0,0x5,0x24,0x23,0x30,0x20,0x3d,0x20,0x33,0x7c,0x10,0x29,0x54,0x53,0xfd,0x3,0x78,0xd9,0x7b,0x20,0xc0,0x8c,
  0x28,0xfc,0x10,0x88,0x57,0x2a,0x84,0xa9,0x6c,0xdb,0x27,0xb8,0xa9,0x70,0x1,0x22,0x44,0x42,0x26,0x3c,0x42,0x94,0x5,0x2a,
  0x74,0xa9,0x60,0x4,0x2f,0xb4,0x0,0x28,0x75,0x1,0x2a,0x82,0x6,0x30,0x5f,0x22,0xd1,0x30,0x26,0xac,0x1,0x25,0x40,0x45,
  0x25,0xa4,0x28,0xe0,0x4,0x1,0x67,0x20,0x3d,0x20,0xe0,0x4,0x29,0x4,0x5,0x26,0xd8,0xab,0x78,0xc,0x2a,0x1c,0x2,0xf9,0x6,
  0x62,0x29,0xd8,0x0,0x22,0x94,0x7e,0x39,0xe8,0x0,0x2e,0x51,0x2,0x31,0x29,0x51,0x2,0x31,0x32,0x52,0x2,0x31,0x5f,0x28,
  0x52,0x2,0x31,0x5b,0x39,0x64,0x1,0xf0,0x23,0xb2,0x12,0x31,0x5f,0x28,0x52,0x2,0x31,0x5b,0x20,0x1,0x50,0x2,0x27,0x68,
  0x35,0x7f,0xbd,0x30,0x3b,0x20,0x22,0xc,0x60,0x28,0xb3,0x1,0x3b,0x20,0x79,0x29,0x4c,0x5e,0x27,0xac,0x0,0x6f,0xa9,0x30,
  0x3b,0x20,0x22,0x24,0x81,0x2a,0xad,0x0,0x78,0xac,0x5,0x25,0xb8,0x35,0xbe,0x2d,0x5f,0x72,0x2c,0xec,0x2,0x6c,0x54,0x8a,
  0xab,0x72,0x5b,0xda,0x48,0x2b,0x20,0x2b,0x40,0x3c,0x9e,0x2c,0x9,0x9,0xd5,0x7,0x67,0x35,0xf5,0x0,0x67,0x20,0x4,0xf5,
  0x0,0x62,0x35,0xf5,0x0,0x62,0x20,0x2,0xf5,0x0,0x31,0x38,0xe5,0x2,0x32,0x20,0x4,0xf8,0x0,0x37,0xe8,0x2,0x20,0x5,0xf8,
  0x0,0x37,0xec,0x2,0x3c,0xf8,0x0,0x22,0x5c,0x38,0x94,0xcc,0xf8,0x42,0xe0,0xd0,0x24,0x78,0xb4,0x1,0x20,0x3d,0x20,0x7b,
  0xf0,0xf4,0xcc,0x60,0x27,0x80,0x0,0x23,0x98,0xb5,0x3a,0x80,0x0,0x28,0x94,0xb5,0x29,0x97,0x0,0xd,0xa,0x9,0x29,0xb4,
  0x1f,0x27,0x2d,0x1b,0x28,0xa1,0x38,0x2c,0x24,0xfc,0xb0,0x22,0x40,0xbf,0x28,0xbd,0xb7,0x2c,0x23,0xc0,0x3b,0x22,0xdb,
  0x20,0x5f,0x61,0x63,0x29,0x30,0x0,0xdc,0xb,0x22,0xb,0x22,0xd,0xa,0x9,0x27,0xb4,0x9,0x22,0xf0,0x57,0x5,0x30,0x3b,0x20,
  0x69,0x20,0x3c,0x20,0x33,0x22,0xc1,0x3f,0x69,0x70,0x98,0x23,0xb4,0x3f,0x8c,0xc,0xfc,0xe2,0x23,0xf8,0xb1,0x79,0x97,
  0x69,0x68,0xa8,0x23,0x6c,0x4e,0x27,0x68,0x3,0x1,0x64,0x63,0x5b,0x69,0xa0,0x4b,0x29,0xc8,0x0,0x7c,0x1d,0xc4,0x9d,0x31,
  0xc9,0x0,0x61,0xe8,0x6,0x26,0x9c,0xd4,0x2e,0x98,0x85,0x70,0x82,0x26,0x4,0xb9,0x25,0x28,0xc4,0x34,0x24,0x2e,0x2b,0xc8,
  0x1,0x68,0xee,0x20,0xc6,0x78,0x1e,0x12,0x70,0x2,0x78,0x34,0x2d,0xb8,0x3,0x2f,0xac,0x2d,0x24,0x28,0x5f,0x2c,0x94,0x0,
  0x74,0x91,0x31,0x6c,0x67,0x22,0x34,0x27,0x20,0x1b,0x44,0x2e,0x28,0x90,0x1,0x22,0xc4,0x30,0x1,0x20,0x3d,0x20,0x38,0x78,
  0xda,0x22,0x44,0x46,0x60,0x47,0x7c,0x99,0x9d,0x2,0x2f,0x23,0x98,0x2d,0x7d,0x17,0x9,0x2c,0x8c,0x87,0x22,0xb0,0x68,0x22,
  0x34,0x38,0xb7,0x5,0x2d,0x20,0x28,0x2b,0xb8,0x0,0x22,0x10,0x29,0x61,0x2,0x5f,0x93,0xa,0x6e,0x74,0x20,0x74,0x18,0x68,
  0x5,0x60,0x9c,0xe0,0x3,0xc8,0x18,0x6c,0x54,0x68,0x2,0x3a,0x50,0x1f,0x6c,0xa5,0xec,0x4,0x34,0xf4,0x1e,0x22,0x18,0x34,
  0x98,0xf6,0x64,0xc,0xf8,0xf5,0x22,0x44,0x5a,0x28,0xb8,0x19,0x6f,0x60,0x5b,0x34,0x5d,0x25,0xfc,0x61,0x34,0xb4,0x27,
  0x25,0xf1,0x66,0x30,0x25,0x14,0x2f,0x25,0xc0,0x2d,0x23,0x24,0x2f,0x3b,0xc1,0x0,0x31,0xe0,0x6,0x27,0x30,0x2e,0x6c,0x6,
  0x20,0x5,0xec,0xe,0xa8,0x17,0x27,0xc8,0x4d,0x80,0x31,0x23,0xb7,0x4c,0x5b,0x30,0x5d,0x23,0x64,0x5d,0x22,0xef,0x46,0x9,
  0x28,0x28,0xcc,0x13,0x1,0x31,0x5b,0x69,0x5d,0x23,0x4e,0x40,0x2d,0x20,0xc5,0x2,0x30,0xc7,0x2,0x29,0x20,0x2b,0x89,0x5,
  0x20,0xe8,0x5,0xc2,0x3,0x32,0x5d,0x22,0x84,0x98,0x24,0x58,0x6a,0xd7,0x7,0x32,0x5d,0x29,0x72,0x8b,0x9,0x9,0x29,0xac,
  0x4f,0x22,0xb0,0xaa,0x84,0x27,0x70,0x36,0xa1,0x10,0x31,0x20,0x4c,0x1,0x2,0x36,0x29,0xc1,0x24,0x36,0x28,0x11,0x2,0x32,
  0x20,0x56,0x12,0x2,0x2d,0x20,0x29,0x11,0x2,0x33,0xb0,0x10,0x84,0xfd,0x84,0x51,0x24,0xc4,0xa0,0x20,0x5,0x54,0x6,0x20,
  0xa,0x40,0x6,0x74,0xd6,0xd8,0xd1,0x26,0xfc,0x59,0x78,0xc3,0xd8,0x4b,0x24,0x4c,0x39,0x27,0x3d,0x18,0x6b,0x24,0xa,0x58,
  0x6b,0x20,0x25,0x1,0x58,0x6b,0x27,0x3c,0x18,0xc8,0x8,0x68,0x5e,0x2f,0xf8,0x0,0x1,0x9,0x58,0x79,0x62,0x22,0x90,0x35,
  0xc8,0xb5,0x24,0x2d,0x7c,0x64,0x2a,0xd4,0xda,0x4,0x69,0x66,0x66,0x5b,0x6b,0x5d,0x5b,0x22,0x18,0x68,0x64,0x8,0x6c,0x1,
  0x22,0x10,0x68,0xed,0x1,0x32,0x2b,0xe3,0xd3,0x9,0x30,0x2c,0x22,0x16,0x5b,0x30,0x2c,0x22,0xe8,0xa0,0x70,0xba,0x22,0xf4,
  0x39,0x8c,0x0,0x7c,0x5,0x74,0xf,0xa4,0x4d,0x27,0xd4,0x2,0x33,0x14,0x1b,0x25,0xa8,0x24,0x2b,0xcc,0x3,0x84,0xd7,0x1,
  0x6d,0x61,0x78,0x28,0x2d,0x54,0x0,0x28,0xa2,0x1c,0x5b,0x69,0x24,0x78,0x49,0x23,0x8,0x5b,0xb0,0xfd,0x74,0x69,0x64,0x8d,
  0x90,0x81,0x60,0x1,0x60,0x82,0x7c,0x0,0x88,0x5b,0x29,0xd,0x2f,0xd,0x2d,0xac,0x54,0x1,0x6b,0x4d,0x75,0x6c,0x23,0x6c,
  0x56,0x24,0x30,0x7b,0x2b,0xad,0x1a,0x5b,0x61,0x8,0x69,0x22,0x2,0xab,0x33,0x5d,0x23,0x24,0x86,0x25,0x68,0x60,0x75,0x1b,
  0x5b,0x23,0x54,0x50,0x74,0x7,0x68,0x56,0x36,0xd8,0x0,0x24,0x9a,0x3c,0x2b,0x3d,0x22,0x20,0x84,0xbc,0xf4,0x1,0x78,0x79,
  0x62,0x5b,0x23,0x20,0x4f,0x20,0x2,0xe8,0x0,0x22,0x64,0x5d,0x2d,0xe8,0x0,0x23,0xe0,0x4c,0xc8,0x7,0x84,0x1f,0x2e,0x54,
  0x1e,0x68,0x3c,0x6,0x50,0x72,0x65,0x63,0x6f,0x6d,0x70,0x75,0x74,0x35,0x51,0x6d,0x6d,0x22,0xf4,0xcd,0x31,0x50,0x6d,
  0x9c,0x2,0x2a,0x50,0x6a,0x23,0x12,0x54,0x20,0x2a,0x9c,0x2,0x23,0xfc,0x41,0x28,0xfc,0x18,0x9c,0x2a,0x2a,0x50,0x3d,0x80,
  0xb4,0x60,0x41,0x34,0xc4,0x14,0x24,0x74,0x55,0x29,0xec,0x3e,0xa8,0x9,0xc4,0xc,0x94,0x3,0x2a,0xe4,0x1,0x30,0x74,0x0,
  0x9c,0xf,0x37,0x6c,0x1,0x39,0x48,0x6c,0x23,0x50,0x6f,0x3a,0x6e,0x1,0x31,0x5f,0x20,0x58,0x58,0x6c,0xc0,0x76,0x3,0x76,
  0x61,0x6c,0x73,0x68,0x30,0xf5,0x7d,0x2e,0xbc,0x7d,0x29,0x6d,0x0,0x76,0x39,0x6d,0x0,0x68,0xf0,0xd0,0x2d,0x58,0x2b,0x6d,
  0xa,0x76,0x2e,0x6c,0x0,0x7b,0x64,0x69,0x78,0x32,0xac,0x5d,0xb0,0x1,0x23,0xd1,0x87,0x2b,0x25,0x1,0x4c,0x2a,0x24,0x8,
  0x77,0x22,0x40,0x20,0x63,0xf4,0x31,0x20,0x3c,0xa0,0x3,0x27,0x84,0x11,0x29,0xe0,0x18,0x23,0x84,0x64,0x61,0x97,0x65,
  0x13,0x84,0x11,0xa8,0x79,0x27,0x7e,0x0,0x2d,0x20,0x27,0x7c,0x0,0x22,0xc,0x24,0x26,0x36,0x2e,0x78,0x30,0x22,0xf8,0x20,
  0x98,0x3d,0x24,0xaa,0x5d,0x2d,0x20,0x27,0x30,0x0,0x25,0xd0,0x58,0xe9,0x5,0x79,0x28,0xa8,0x0,0x24,0xb8,0x5a,0xc8,0x5,
  0x70,0x1,0x2d,0xa9,0x0,0x7a,0x28,0xa8,0x0,0x24,0x44,0x59,0xc8,0x5,0x70,0x1,0xe8,0x5,0x28,0xe1,0xf1,0x78,0x22,0x94,
  0x6d,0x5,0x30,0x2c,0x20,0x7a,0x30,0x2c,0x20,0x26,0x7a,0x24,0x68,0x30,0x90,0x9e,0xec,0x1,0x70,0x9e,0xec,0x1,0xf4,0x7,
  0xd2,0x31,0x78,0x31,0xd8,0x17,0x26,0x28,0x5f,0x80,0xd,0xb0,0x1,0x2d,0xa9,0x0,0x79,0x28,0xa8,0x0,0x64,0x16,0x70,0xf1,
  0xa7,0x51,0x5b,0x69,0x78,0x2d,0xa9,0x0,0x7a,0x28,0xa8,0x0,0x64,0x16,0x27,0xa8,0x0,0x70,0x1,0xe8,0x5,0x29,0xf8,0x2,0x6,
  0x31,0x2c,0x20,0x79,0x31,0x2c,0x20,0x7a,0x31,0xf8,0x17,0x22,0xfc,0x3c,0x28,0x2c,0x0,0x28,0xfa,0x2,0x31,0x5b,0xd4,0x7,
  0x74,0x34,0x6c,0x3a,0x22,0x40,0x25,0x6c,0x3a,0x8c,0x75,0x32,0x4c,0x7,0x94,0x7a,0x60,0x9a,0x64,0x6,0x35,0x5c,0x7,0x2b,
  0x8c,0x0,0x20,0x80,0x6d,0x7,0x76,0x29,0x6e,0x7,0x76,0x30,0x23,0x54,0x83,0x8e,0x3b,0x76,0x30,0xf0,0x23,0xfc,0x4d,0x20,
  0x74,0x6d,0x7,0x76,0x29,0x6e,0x7,0x76,0x31,0x29,0xf8,0x2,0x2a,0x6c,0x7,0x28,0xb3,0x2b,0x73,0x75,0x70,0x68,0x61,0x2,
  0x66,0x61,0x62,0x73,0x28,0x27,0x64,0xb,0x1,0x29,0x20,0x2b,0x20,0x27,0x44,0x0,0x9c,0x21,0x88,0xf3,0xcb,0x5a,0x73,0x75,
  0x70,0x78,0x4f,0x27,0x81,0x0,0x68,0x64,0xe,0x2c,0xc8,0x0,0x84,0x2,0x74,0x42,0xc8,0x6,0x22,0x48,0xc0,0x22,0x68,0x4b,
  0x76,0xd,0x2c,0x20,0x60,0x8,0x80,0xa,0x98,0xc4,0xb4,0x7a,0x29,0xb4,0x67,0x68,0x3,0x22,0x9c,0x4d,0x30,0x64,0x2,0x22,
  0xd8,0x6a,0x2c,0x64,0x2,0x25,0xf8,0x6a,0x66,0xa,0x20,0x3d,0x28,0xcd,0x2,0x68,0x60,0x1f,0x2e,0x48,0x2,0xcc,0x5,0x3a,
  0x2c,0x2,0xbc,0x6e,0x20,0x4,0x2c,0x2,0x22,0xe8,0x6a,0x2c,0x2c,0x2,0xc8,0x67,0x31,0x2c,0x2,0x2e,0xac,0x0,0x27,0x28,0x6,
  0x3a,0x2c,0x2,0x6c,0x79,0x22,0xe0,0x80,0x27,0x40,0x6f,0x7c,0x22,0x33,0x5,0x1f,0x53,0x22,0x58,0xec,0x26,0x8,0x9b,0x27,
  0xc0,0x1b,0xc3,0xe5,0x69,0x6d,0x67,0x2a,0xd0,0x1d,0x22,0x40,0x52,0x26,0xd0,0xda,0x23,0x29,0xc7,0x29,0x2e,0x18,0xc0,
  0x22,0xd8,0x25,0x2c,0x20,0x39,0x24,0xb8,0x39,0x78,0x81,0x38,0xe6,0x98,0x69,0x6d,0x23,0x44,0x8f,0x22,0x44,0x92,0x74,
  0x11,0x26,0xa4,0xc5,0x16,0xbb,0xf,0x41,0x76,0x65,0x22,0xfc,0x75,0x0,0x3,0x35,0x78,0x35,0x5f,0x77,0x20,0x30,0x2e,0x36,
  0x37,0x39,0x31,0x34,0x34,0x38,0x39,0x30,0x36,0x36,0x37,0x66,0x22,0xf4,0xd7,0x97,0xf7,0x61,0x6e,0x74,0x25,0x38,0xdd,
  0x29,0xb8,0x0,0x90,0x14,0x22,0xbf,0x25,0x2e,0x30,0x66,0x22,0x45,0x78,0x35,0x7c,0x0,0x3,0x2b,0x20,0x34,0x20,0x2a,0x20,
  0x29,0x95,0x0,0x77,0x70,0x23,0x2e,0x64,0x23,0x28,0x7e,0x0,0x45,0x78,0x28,0xf8,0xd9,0x34,0x5c,0x4,0x8c,0x94,0x2a,0xa0,
  0x4,0x84,0x9e,0x36,0xf4,0x21,0x4,0x69,0x6d,0x67,0x5f,0x6f,0x72,0x67,0x2f,0xec,0x4,0x22,0x98,0x4f,0x32,0xec,0x4,0x98,
  0x1b,0x23,0xdc,0x6d,0x22,0x80,0x3b,0x2c,0x84,0x0,0x23,0xe0,0x6c,0x23,0x48,0x5a,0x29,0xec,0x6a,0x3c,0xe4,0xc4,0x28,
  0x3b,0x1,0x72,0x6f,0x77,0x78,0x77,0x22,0xec,0x2a,0x84,0x18,0x6c,0x6e,0x60,0x35,0x22,0x85,0xd2,0x31,0x22,0xa4,0x3c,
  0x23,0x50,0xc5,0x8c,0xae,0x64,0x34,0x98,0x5,0x23,0xec,0xac,0x22,0x44,0xad,0xb1,0x18,0x5b,0xf0,0x2,0x22,0xc8,0x5c,0x23,
  0xc8,0x47,0x68,0xb9,0xb2,0x8,0x2b,0x20,0x70,0xbf,0x84,0xb,0x28,0xf2,0x17,0x6d,0x67,0x27,0xc8,0x0,0x23,0x90,0x2b,0xd0,
  0x21,0x27,0x50,0x0,0x23,0x8,0x2b,0x60,0x11,0x90,0x55,0x87,0x1b,0x79,0x20,0x3e,0x24,0x78,0xc7,0x84,0x11,0x2b,0xf9,0x2,
  0x64,0x6c,0x89,0x89,0x10,0x2d,0x24,0xe4,0x20,0x64,0x7,0x90,0x6,0x2c,0xc,0x3,0x24,0xb5,0x20,0x9,0x3a,0x14,0x3,0x1,0x64,
  0x31,0x20,0x2b,0x23,0x3c,0xaa,0x23,0xb8,0x2c,0x28,0xf6,0x7,0x5f,0x77,0x8c,0xa,0x78,0x1a,0x20,0x2,0xfc,0x0,0x88,0x20,
  0xc0,0x10,0x2d,0xfc,0x3,0x20,0x9,0xc,0x2,0x23,0xb0,0x6b,0x2c,0x84,0xa,0x27,0xc,0x2,0x2a,0x58,0x4,0xa0,0xc,0x8c,0x4d,
  0x27,0x80,0x5,0x2b,0x79,0x4,0x75,0x27,0x78,0x4,0x25,0xc4,0x25,0x98,0x8,0xb6,0x33,0x2d,0x20,0x28,0x88,0x7,0x20,0x2,
  0x69,0x2,0x75,0x20,0x1e,0x78,0x4,0xbc,0x7,0x20,0x1d,0x78,0x4,0xac,0x8,0x84,0x44,0x2d,0x0,0xf,0x9c,0x1a,0x68,0x34,0xd8,
  0x23,0x2b,0x96,0x9,0x2a,0x3d,0x2a,0xb0,0xf,0x88,0x82,0xe4,0x8c,0x2e,0xd0,0xf,0x1,0x4d,0x69,0x6e,0x53,0x13,0x83,0x15,
  0x56,0x61,0x6c,0x31,0xd8,0xf,0x2b,0xdc,0xd5,0x24,0xf0,0x71,0x2a,0xd4,0xf,0x88,0x5d,0x2a,0x40,0x0,0x88,0x33,0x39,0x18,
  0x10,0x24,0xc1,0xed,0x73,0x85,0xe,0x5f,0xb0,0xab,0x22,0x94,0x2c,0x24,0xa4,0x5e,0x20,0x29,0x7c,0x10,0x27,0xe,0x4c,0x3e,
  0x3d,0xb4,0x64,0x22,0x40,0x7d,0x28,0xf4,0x7a,0x6c,0x47,0x2f,0xdc,0x4d,0x3,0x6d,0x69,0x6e,0x48,0x20,0x3d,0x25,0x68,
  0x96,0x1,0x20,0x3e,0x20,0x79,0x25,0xf4,0xe2,0x22,0x44,0xb6,0xbc,0x13,0x6c,0x2e,0x77,0x15,0x6d,0x61,0x78,0x64,0x5,0x64,
  0xf4,0x22,0xc0,0x27,0x29,0x34,0x3,0x27,0x38,0xc3,0x25,0x9c,0x79,0x78,0xac,0x6e,0x11,0x6e,0x74,0x22,0x29,0x6b,0x57,
  0x2a,0x79,0x1,0x78,0xd8,0xb,0x78,0x76,0x2f,0x78,0x1,0x64,0x5,0x78,0xb,0x22,0x8c,0x30,0x34,0x78,0x1,0x84,0x2f,0xd8,0xb,
  0xa8,0xb4,0x5,0x6d,0x69,0x6e,0x56,0x61,0x6c,0x75,0x65,0x22,0x8f,0x99,0x6d,0x67,0x5b,0x9a,0x19,0x2a,0x20,0x9e,0x4,0x20,
  0x2b,0x98,0xf,0x6c,0x51,0x2a,0xec,0x4c,0x22,0xc,0xe8,0x79,0x4,0x3b,0x26,0xf1,0xe4,0x48,0x2c,0xf0,0xe4,0x2b,0x68,0x41,
  0x1,0x6d,0x69,0x6e,0x57,0x24,0x8f,0x5c,0x6d,0x61,0x78,0x64,0x1,0x2b,0x2c,0x66,0xab,0x10,0x74,0x6d,0x70,0xd4,0xf,0x2a,
  0xe8,0xc1,0x25,0x60,0x5c,0x8c,0x84,0x65,0x4,0x3c,0x70,0x11,0x88,0x15,0x9e,0x30,0x9,0x9,0x29,0xe7,0x2,0x74,0x6d,0x70,
  0x74,0x2c,0x29,0xe0,0x41,0xb1,0x4e,0x5b,0x27,0xc8,0x16,0x6c,0x96,0x7c,0xfc,0xf0,0x6,0x36,0x62,0xb,0x44,0x6f,0x22,0x1c,
  0xac,0x34,0xc0,0x5c,0x24,0x20,0x25,0x29,0x98,0xa,0xb8,0x17,0x24,0x1c,0x3e,0x2a,0x24,0x3b,0x2a,0x5c,0x0,0x23,0x7c,0x3c,
  0x28,0xb0,0x11,0x80,0x2b,0x30,0xe8,0xb,0x2a,0x4,0xbb,0x2a,0xf6,0x0,0x64,0x63,0x2b,0xa4,0xaa,0x2d,0x68,0x0,0x36,0xce,
  0x1,0x64,0x63,0x33,0xf4,0xab,0x25,0x98,0x28,0x1,0x2a,0x6c,0x75,0x74,0x2b,0x54,0x1,0xb4,0x13,0x2a,0x74,0x0,0x2a,0x60,
  0x1,0x30,0x74,0x0,0x88,0x1a,0x27,0x4,0x24,0x30,0x7c,0x0,0x2d,0xd0,0x2,0x33,0x80,0x0,0x3c,0x84,0x1,0x60,0x18,0x20,0x59,
  0x58,0xf,0x2b,0xc2,0x2,0x77,0x30,0x68,0xff,0x9,0x32,0x33,0x32,0x2e,0x32,0x30,0x36,0x34,0x36,0x34,0x30,0x31,0x23,0x48,
  0x58,0x2c,0x8d,0x0,0x31,0x7c,0xc7,0x9,0x32,0x32,0x2e,0x39,0x34,0x35,0x35,0x32,0x32,0x32,0x32,0x34,0x30,0xda,0xa1,0x77,
  0x32,0x22,0x4c,0x59,0x9,0x35,0x30,0x33,0x2e,0x39,0x36,0x32,0x33,0x31,0x30,0x36,0x30,0x22,0x3c,0x53,0x27,0xd8,0x4b,
  0x71,0x9a,0x5f,0x26,0x3c,0x88,0x2b,0xd4,0xa,0x60,0x5b,0x2b,0xb5,0x1,0x73,0x60,0x12,0xad,0x51,0x5b,0x22,0x3c,0x88,0x30,
  0x80,0x0,0x74,0x11,0x81,0x4,0x79,0x35,0x80,0x0,0x68,0x11,0x81,0x4,0x62,0x34,0x80,0x0,0x23,0xb4,0x32,0x67,0x1f,0x2a,
  0x20,0x73,0x23,0x0,0xf8,0x2b,0x0,0x2,0x23,0x63,0x32,0x77,0x31,0x31,0x22,0x68,0x90,0x23,0x34,0x41,0x2c,0x74,0x0,0x70,
  0xb,0x77,0x1d,0x2a,0x20,0x73,0x25,0x44,0x43,0x89,0xd,0x78,0x88,0xd,0x22,0x9c,0x3e,0x95,0x58,0x29,0x12,0xcc,0x7,0x26,
  0x38,0xa1,0x10,0x5,0x34,0x30,0xdc,0x53,0x4,0x35,0x31,0x32,0x2c,0x20,0x70,0x30,0x24,0x68,0x5c,0x88,0x8,0xb8,0x19,0x20,
  0x7,0xb,0x1,0x79,0x2c,0x20,0xa9,0x8,0x31,0x29,0x8,0x1,0xa0,0x1e,0x20,0x7,0x9,0x1,0x62,0xe9,0x8,0x32,0x29,0x8,0x1,0x78,
  0x5b,0x20,0xc,0x2c,0x3,0x60,0x6,0xe0,0x9,0x2a,0x3a,0x3,0x64,0x63,0x22,0xc1,0x9f,0x64,0x23,0xd8,0x79,0x26,0xfc,0x31,
  0x22,0xf4,0xbd,0x10,0xc,0x88,0x34,0x70,0x22,0x60,0x6,0xe0,0x9,0x2a,0x50,0x3,0x78,0x65,0x20,0xf,0x44,0x2,0x2d,0x68,0x3,
  0x23,0x3c,0x20,0x2e,0x94,0x1f,0x4,0x43,0x6f,0x6d,0x62,0x69,0x6e,0x65,0x22,0x20,0xc0,0x12,0xd4,0x5e,0x34,0x54,0x14,
  0xa4,0xad,0x38,0x84,0x51,0x84,0x37,0x2a,0x54,0x53,0xb4,0x45,0x90,0x40,0x25,0xc,0x53,0x30,0x30,0x10,0x2a,0x74,0x0,0x32,
  0xb8,0x11,0x2a,0x7c,0x0,0xb8,0x2b,0x2d,0x3c,0x12,0x2d,0x80,0x0,0x3c,0x84,0x1,0x7c,0x27,0x60,0x18,0xa4,0x13,0x6c,0xf5,
  0x20,0x2,0x98,0x16,0xb0,0x5,0xdc,0xc,0x29,0xa1,0x59,0x64,0x23,0xa8,0x93,0x34,0x38,0x2,0x29,0x98,0x0,0x24,0x44,0x94,
  0x27,0x98,0x0,0xdc,0x8,0x24,0xa8,0x79,0x15,0x0,0x30,0x1,0x5f,0x6d,0x61,0x70,0x2c,0x58,0x2,0x22,0xe0,0x5b,0xa8,0x13,
  0x27,0xe0,0x10,0x74,0x15,0x22,0x8,0x64,0x2f,0xb8,0x14,0x8c,0x5,0x31,0x50,0x73,0x76,0x76,0x74,0x65,0x9c,0xe5,0xa8,0x18,
  0x64,0x8,0x70,0x5,0x32,0xd0,0x34,0x28,0xb0,0x0,0x22,0x3c,0x22,0x27,0x89,0x73,0x2b,0x29,0xd0,0x9f,0x22,0xfc,0x33,0x8c,
  0x12,0x22,0xb0,0x24,0xbc,0x8,0x2e,0x78,0x0,0x23,0x78,0x27,0x94,0xf6,0x2a,0x18,0xa2,0xc0,0xce,0x7c,0x43,0x25,0x14,0x70,
  0xc7,0x2,0x64,0x63,0x5f,0x29,0x50,0x0,0x88,0x1,0x23,0x4c,0xd2,0x67,0x1,0x5f,0x78,0x5b,0x25,0xb7,0x9c,0x2b,0x20,0x33,
  0x22,0x60,0x73,0xa9,0xf,0x2b,0x26,0x38,0xa4,0x74,0x2,0x22,0xc1,0x22,0x9,0xf0,0x8,0x28,0xe4,0x0,0x7c,0x44,0x20,0x5,
  0xf3,0x0,0xd,0xa,0x9,0x6c,0xd,0x22,0x40,0x60,0x22,0x9c,0x5f,0x1,0x73,0x6b,0x5f,0x79,0x20,0x5,0xe0,0x0,0x27,0xd4,0x1,
  0x23,0x10,0x9e,0x6d,0x8,0x5f,0x6c,0x76,0x20,0x5,0xf0,0x0,0xf4,0xe,0x23,0x7c,0x9e,0x8d,0x7,0x62,0x20,0x5,0xe0,0x0,0x27,
  0xd4,0x1,0x28,0xe4,0x0,0x64,0x5a,0x20,0x5,0xf0,0x0,0x22,0xf,0x48,0x69,0x7a,0x65,0x2a,0xac,0x95,0xc0,0x2c,0x31,0xb0,
  0x95,0x22,0xc,0xd8,0x70,0x4d,0x68,0xce,0xbc,0x7e,0x25,0x2c,0x66,0x22,0x68,0x25,0xe8,0x98,0x10,0x2,0x64,0x43,0x24,0xec,
  0x92,0x24,0x84,0x65,0x12,0x40,0x3d,0x27,0x5b,0x83,0x5d,0x2c,0x20,0xc0,0x34,0x26,0x98,0x74,0x22,0x8d,0x6a,0x20,0x35,
  0xe8,0x0,0x2b,0x47,0x84,0x5d,0x2c,0x20,0x70,0x23,0x37,0xdc,0x0,0x2f,0x8,0xd,0x29,0x0,0x86,0xec,0x7,0x22,0x4,0x2c,0x33,
  0xc6,0x13,0x55,0x70,0x24,0xc8,0xe5,0x24,0x70,0x33,0x1,0x52,0x6f,0x6f,0x74,0x31,0x74,0x33,0x22,0x24,0x6d,0x4,0x6d,0x61,
  0x70,0x5f,0x6f,0x75,0x74,0x29,0x30,0x28,0xb0,0x69,0xdc,0x78,0xc8,0x4,0x24,0xdc,0x32,0x88,0x54,0xa8,0x1,0x84,0x61,0xa8,
  0x1,0x7c,0x28,0x20,0x8,0xd0,0xe,0x60,0x2e,0xa0,0xc,0x3a,0xb4,0xe,0x24,0xfc,0x60,0x2c,0x9c,0x0,0x90,0xf,0x2c,0x18,0x10,
  0x22,0xac,0x21,0x25,0xa0,0xe2,0x2c,0xac,0x0,0x94,0x13,0x31,0xac,0x0,0x23,0xf0,0x44,0x2b,0xc4,0x11,0x24,0x44,0xa0,0x30,
  0xf8,0xb0,0x28,0x3c,0x1,0x64,0x4,0x64,0x8a,0xa4,0x82,0x17,0x84,0xb,0xd8,0x88,0xb6,0x3,0x2b,0x20,0x26,0xe8,0xb0,0x70,
  0x88,0x94,0xf,0x2c,0x94,0x10,0x23,0xf0,0x2f,0x6c,0x5,0x22,0x44,0x33,0x2a,0xac,0x0,0x94,0x1a,0x2c,0xac,0x0,0x64,0xb,
  0x1,0x6e,0x74,0x20,0x73,0x22,0xf8,0x21,0x28,0x4b,0xb2,0x20,0x2f,0x20,0x25,0x13,0x22,0x2f,0x2f,0x20,0xf4,0x3b,0x24,
  0x68,0xc2,0x1,0x61,0x6b,0x65,0x20,0x24,0x94,0x34,0x2,0x20,0x72,0x6f,0x6f,0x74,0x22,0xac,0xc1,0xb4,0x37,0x13,0x4e,0x37,
  0x76,0x61,0x22,0xfc,0x71,0xdc,0x38,0x94,0x5c,0x22,0x54,0x26,0x74,0x19,0x8c,0xf,0x26,0xe8,0x72,0x6c,0x8d,0x27,0x64,0x4,
  0xb8,0x7,0x9,0x6b,0x49,0x6e,0x69,0x74,0x69,0x61,0x6c,0x53,0x6c,0x6f,0x70,0x22,0x5a,0x35,0x31,0x30,0x23,0x8,0x25,0x0,
  0x12,0x2f,0x2f,0x20,0x54,0x4f,0x44,0x4f,0x28,0x62,0x2f,0x32,0x39,0x39,0x37,0x34,0x38,0x39,0x33,0x29,0x3a,0x20,0x55,
  0x6e,0x74,0x69,0x6c,0x20,0x74,0x68,0x61,0x74,0x20,0x69,0x73,0x20,0x66,0x22,0x3c,0xe7,0x0,0x2,0x20,0x64,0x6f,0x20,0x6e,
  0x6f,0x74,0x20,0x63,0x61,0x6c,0x6c,0x20,0x73,0x71,0x72,0x74,0x20,0x6f,0x6e,0x12,0x68,0x5a,0x4,0x79,0x20,0x73,0x6d,
  0x61,0x6c,0x6c,0x14,0x1c,0x22,0x4,0x6e,0x75,0x6d,0x62,0x65,0x72,0x73,0x6c,0x16,0xd0,0xa6,0xbc,0x15,0x27,0xe9,0x2,0x3c,
  0x14,0x33,0x1a,0x2f,0x20,0x28,0x2c,0x3a,0x2,0x2a,0x20,0x2b,0x3c,0x0,0x24,0xc8,0xb6,0x12,0x45,0x33,0x3f,0x2c,0x60,0x0,
  0x12,0x70,0x1f,0x12,0x9,0x45,0x76,0x23,0xe4,0xc6,0x91,0x73,0x3a,0x95,0x11,0x28,0xe8,0xc,0x6c,0x68,0x26,0x58,0x38,0x66,
  0x4a,0x5f,0x74,0x22,0x11,0x3c,0x5f,0x6e,0x3e,0x30,0x3b,0xc9,0x1,0x3c,0x23,0xc0,0x8a,0x22,0x70,0x94,0x2,0x6f,0x66,0x66,
  0x5f,0x79,0x60,0x36,0x23,0x6c,0x4a,0x23,0x88,0x38,0x29,0xd0,0x0,0x22,0x44,0x4f,0xd0,0x6,0x26,0xb0,0x8b,0xf1,0x6,0x78,
  0x70,0x6,0x25,0xdc,0x45,0xd4,0x31,0x61,0x6f,0x5b,0x27,0x64,0xa9,0x84,0xb,0x2,0x20,0x2b,0x20,0x73,0x32,0x2a,0x38,0x18,
  0xf0,0x46,0x74,0x3,0x71,0x47,0x73,0x8e,0xa3,0x76,0x61,0x12,0x34,0x66,0x24,0x8c,0xd5,0x36,0xfc,0x94,0x4,0x52,0x65,0x6d,
  0x6f,0x76,0x65,0x42,0x13,0x14,0x29,0x31,0xf0,0xf,0x90,0x7e,0x28,0x98,0xb,0x90,0x41,0x30,0x3c,0x37,0x10,0xe,0x9e,0x4d,
  0x69,0x6e,0xcc,0x7f,0xd8,0x0,0x12,0xb4,0x63,0x60,0x22,0x29,0x3c,0x1,0x2c,0xf8,0xd,0x27,0x44,0xf1,0x28,0x84,0x0,0x60,
  0x2c,0x31,0x6c,0x53,0x78,0x5f,0x10,0x23,0x60,0x18,0x12,0x24,0x58,0x64,0x5a,0x80,0x18,0x26,0x74,0x3c,0x1,0x69,0x6e,
  0x5b,0x28,0x23,0x6c,0x42,0x8c,0x29,0x24,0xf8,0xdc,0x68,0x2b,0x22,0x90,0x5f,0xd4,0x28,0x36,0xe3,0x3c,0x41,0x64,0x64,
  0x20,0x1f,0xcc,0x4,0x69,0x9b,0x73,0xe4,0x23,0x36,0x66,0x15,0x69,0x6e,0x2f,0xd0,0x14,0x74,0x47,0x2c,0x44,0x4,0x24,0x2c,
  0x5d,0x20,0x12,0xcc,0x4,0x3,0x2d,0x20,0x73,0x20,0x7c,0x7c,0x22,0xdc,0x8e,0x28,0xd8,0x47,0x1,0x20,0x2d,0x20,0x73,0x70,
  0x50,0x61,0x35,0x9,0x27,0x0,0x23,0x22,0xac,0x41,0x27,0xe0,0xf,0xcf,0x70,0x6d,0x75,0x6c,0x22,0xe8,0x35,0xa,0x32,0x34,
  0x2e,0x38,0x32,0x33,0x35,0x33,0x31,0x34,0x38,0x37,0x34,0x64,0xb7,0x6c,0x2d,0x29,0x5c,0x5,0x27,0xc8,0x5,0x69,0x2b,0x32,
  0x23,0x74,0x57,0xec,0xe7,0x64,0x8,0x1,0x29,0x2a,0x69,0x6e,0x23,0xe0,0x42,0xdc,0x2f,0x78,0xf,0x80,0x34,0x36,0xe8,0x5,
  0x12,0x4c,0x4d,0x16,0xd0,0x6b,0x4,0x5a,0x65,0x72,0x6f,0x69,0x6e,0x67,0x16,0xd0,0x54,0x2a,0x5c,0x41,0xb8,0x21,0x13,0x4,
  0x3b,0x12,0x14,0x41,0x9c,0x78,0x13,0x5f,0x50,0x5f,0x30,0x2c,0x22,0x6c,0xd6,0x13,0x25,0x3d,0x73,0x12,0x3c,0x33,0x6,
  0x4f,0x72,0x69,0x67,0x69,0x6e,0x61,0x6c,0x20,0x23,0xe0,0xff,0x70,0x8c,0x27,0x9c,0x2a,0x38,0x11,0x1,0x31,0x20,0x23,
  0x11,0x1,0x32,0x20,0xf,0x10,0x1,0xa9,0xae,0x2a,0x90,0x19,0x95,0x15,0x5f,0x8b,0x1a,0x2c,0x20,0x2f,0x23,0xb5,0xfa,0x67,
  0x12,0xc0,0x61,0x31,0x48,0x3,0x31,0x4c,0x3,0xc4,0x9,0x22,0x6d,0x21,0x5f,0x23,0xee,0x53,0x2c,0x9,0x74,0x22,0x28,0x3c,
  0x0,0x35,0x18,0x1,0xa4,0x22,0x6c,0x57,0x24,0x74,0x2f,0x94,0x3b,0x2c,0xd8,0x2e,0xa0,0x3,0x9c,0xdb,0x2c,0x60,0x0,0xa4,
  0x16,0x17,0x44,0x55,0x28,0x28,0x1,0xa0,0x3,0x17,0xe0,0x49,0x39,0x18,0x7,0x15,0x4,0x5a,0x96,0x1e,0x5f,0x30,0x9c,0x1e,
  0x28,0x20,0x7,0x14,0x18,0x73,0x20,0x1,0x18,0x7,0x2b,0x11,0x1,0x31,0x20,0x23,0x11,0x1,0x32,0x20,0xd,0x11,0x1,0x75,0x14,
  0x35,0x7f,0x2a,0xc0,0x11,0x23,0xf1,0xdf,0x5f,0x13,0x48,0x6e,0x2d,0xe4,0x9,0x33,0xa0,0x0,0x13,0x34,0x6e,0x20,0x3,0xa0,
  0x0,0x12,0xf8,0x61,0x27,0xd0,0xe,0x15,0x31,0x9a,0x5f,0x12,0x74,0x80,0x10,0x6,0x20,0x5f,0xa8,0xf,0xb8,0x31,0x3a,0x98,
  0x0,0x80,0xf,0x20,0x1,0x98,0x0,0x78,0xe,0x25,0x28,0xe8,0x7c,0x44,0x14,0xca,0x50,0x2c,0x9,0x6d,0x54,0x43,0x12,0xa8,0x7,
  0x22,0x44,0x6e,0x13,0x8c,0x61,0x1,0x20,0x69,0x6e,0x20,0x24,0x8b,0x90,0x69,0x6e,0x67,0x6c,0x54,0xac,0xb,0x70,0x6,0x78,
  0x2,0x23,0x58,0x34,0xa0,0x2b,0xd8,0x6,0xd0,0x13,0x35,0xdc,0x0,0xa8,0x5a,0x23,0xec,0xb3,0x6,0x45,0x72,0x72,0x6f,0x72,
  0x4c,0x69,0x6d,0x69,0x10,0x5,0x4,0x47,0x88,0x45,0x12,0xaa,0x78,0x20,0x2a,0xac,0x45,0x14,0xc8,0x7b,0x4,0x5f,0x6c,0x69,
  0x73,0x74,0x20,0x2f,0x6e,0x2,0x2a,0x2f,0x2f,0xbc,0x15,0xb8,0x59,0x20,0x1,0xd4,0x15,0xbc,0x4,0x3c,0xbc,0x1a,0xad,0x4,
  0x78,0x22,0xfc,0x27,0xc8,0x1,0x22,0x58,0x20,0x22,0x28,0x39,0xb8,0x1,0x98,0xb0,0xc8,0x1,0x64,0x3,0x60,0xb1,0x28,0x10,
  0x16,0x6c,0x39,0x10,0x3,0x38,0x66,0x98,0x80,0xcc,0x22,0x25,0x4c,0x39,0x2b,0x4b,0x0,0x30,0x5d,0x2e,0x9c,0x9f,0x22,0x44,
  0x5d,0x22,0x74,0x23,0xd4,0x66,0x8c,0xb4,0x7c,0x1,0xe9,0x7,0x31,0x33,0x9c,0x0,0x23,0xac,0x4b,0x2b,0x3d,0x1,0x32,0x33,
  0x9c,0x0,0x25,0xc0,0x29,0xd0,0x9,0x32,0x7c,0x9,0x25,0x48,0x91,0xd4,0x5d,0xe1,0x5,0x30,0x22,0x64,0x33,0x10,0x3,0x3e,
  0x69,0x5f,0x31,0x2f,0x45,0x0,0x32,0x22,0x25,0xab,0x9,0x2c,0xe1,0x0,0x5b,0x29,0x58,0x3,0xc4,0x3,0x29,0x60,0x3,0xc4,0x2,
  0xd1,0xc,0x5b,0x29,0x68,0x3,0xc4,0x3,0xac,0x5,0x90,0x1b,0xc4,0x2,0xec,0x5,0x29,0x78,0x3,0xc4,0x3,0xac,0x5,0x60,0x1c,
  0x31,0xc,0x2,0x94,0x76,0x22,0xf8,0xcd,0x14,0x50,0x6c,0x99,0x1,0x5f,0x23,0xec,0x2b,0xd4,0x7,0xff,0xa,0x31,0x5d,0x2e,
  0x90,0x3,0x2e,0xac,0x0,0x35,0xc,0x2,0x33,0xac,0x0,0x6c,0x10,0x22,0xcd,0x23,0x6e,0x15,0x2d,0x70,0x5f,0x24,0x28,0xdd,
  0x78,0xd,0x74,0x42,0x12,0x36,0x85,0x5f,0x74,0xf8,0x7a,0x82,0x48,0x5b,0x6b,0x2a,0xa0,0x1c,0x1,0x53,0x69,0x7a,0x65,0x22,
  0xd5,0x3a,0x7b,0x24,0x54,0x97,0x98,0x42,0x22,0x8,0x2b,0x78,0x40,0x3f,0xb8,0x0,0x26,0xdc,0x2b,0x80,0x73,0x24,0xd9,0xa7,
  0x63,0x24,0x19,0xc0,0x63,0x24,0x7c,0x63,0x23,0xac,0x20,0x22,0xfc,0x70,0x27,0xda,0xe,0x20,0x26,0x22,0x74,0xf1,0x1,0x3c,
  0x3c,0x20,0x63,0x24,0xcc,0x2d,0x84,0x4,0x24,0x38,0xc9,0xc8,0x17,0x95,0xe,0x5f,0x22,0x4c,0x26,0x2d,0xbb,0x4,0x63,0x5d,
  0x2e,0xac,0x3,0x82,0xc5,0x20,0x2b,0x24,0xed,0xc2,0x5f,0x22,0x3d,0xb5,0x9,0x12,0xfb,0x0,0x65,0x66,0x66,0x12,0x80,0x60,
  0x1,0x5f,0x67,0x28,0x26,0xc4,0x7,0x9a,0x5,0x5b,0x63,0x27,0x8,0xd2,0x90,0x1d,0x68,0xcf,0x22,0x20,0x2f,0x2e,0xe5,0x6,
  0x63,0xf0,0x58,0xe0,0xb,0x64,0x29,0x26,0x88,0xd1,0x64,0x7,0x27,0xe0,0x0,0x24,0x50,0xcd,0x68,0x2,0x22,0xf0,0x2f,0x2e,
  0xec,0x1,0x84,0x63,0x3c,0xe4,0x1,0x88,0x4,0xf4,0x40,0x20,0x19,0xdc,0x1,0x28,0x0,0x73,0x10,0x3,0xc,0x8d,0x12,0x5c,0x4b,
  0x16,0xcc,0x8e,0x2,0x5f,0x64,0x61,0x74,0x61,0x31,0xc0,0x7,0x64,0x7d,0x28,0xcc,0x13,0x2b,0xc8,0x13,0x38,0xc7,0x0,0xd,
  0xa,0x9,0x10,0x8,0x81,0x63,0x69,0x12,0x68,0x7a,0xb0,0xa5,0x23,0xd0,0xc9,0x22,0xd8,0x2a,0x17,0x94,0x90,0x94,0xf,0x80,
  0x75,0x2f,0xdc,0x0,0x2a,0xc8,0x1,0xc0,0x7,0x2a,0x48,0x0,0x27,0xe4,0x0,0xc8,0x5b,0x5,0x63,0x6f,0x75,0x6e,0x74,0x20,
  0x3d,0x20,0x10,0x8,0x34,0x7c,0x2a,0xa2,0x7,0x2c,0x20,0x9c,0x2a,0x8b,0x2f,0x2c,0x20,0x26,0x29,0x68,0x2,0x78,0x34,0x5,
  0xd,0xa,0x9,0x77,0x68,0x69,0x6c,0x65,0x12,0x14,0xc,0x27,0x85,0x2,0x2e,0x6c,0xa9,0x2b,0xb8,0x80,0xae,0xc5,0x62,0x65,
  0x13,0x4c,0x67,0x22,0x60,0xda,0x1,0x31,0x65,0x31,0x37,0x13,0xd8,0x54,0x23,0x4c,0xf0,0x80,0x3,0x22,0xd0,0x8a,0x61,0x6c,
  0x9,0x33,0x10,0xcc,0x22,0xe5,0x71,0x33,0x2b,0x1c,0x4,0x94,0xc,0x1,0x29,0x3b,0x20,0x69,0xb0,0x62,0x25,0x14,0x37,0x28,
  0x4c,0x1b,0x60,0x4d,0x13,0x38,0x52,0xf9,0x36,0x2e,0x13,0xd8,0x92,0x1,0x5b,0x69,0x5d,0x2e,0x15,0xfc,0x94,0xd8,0x5b,
  0x62,0x73,0x6c,0x64,0x14,0xf4,0x65,0x28,0xd0,0x10,0x80,0x1e,0x23,0xdc,0x5b,0x79,0x3a,0x9,0xfc,0x5a,0x28,0x58,0x0,0x84,
  0x73,0x12,0x2d,0x52,0x9,0x16,0x3c,0xb9,0x22,0xee,0xb2,0x65,0x72,0x78,0x1b,0x6d,0x81,0x61,0x10,0x4,0x21,0x7a,0x28,0xcc,
  0x2a,0xdc,0x53,0x27,0xd4,0xb,0x8e,0x66,0x20,0x20,0x2b,0x2c,0x11,0x2f,0x70,0x0,0x90,0xe,0x10,0x2,0xbc,0x7e,0xf0,0x6,
  0xbc,0x2,0x10,0x4,0x84,0x73,0x12,0x0,0x7b,0xa4,0x36,0x24,0x94,0x27,0x8c,0xaa,0x2f,0x40,0x1,0x28,0xdc,0x29,0x2f,0x68,
  0x0,0xb8,0x6,0x90,0x81,0x35,0x6c,0x0,0x27,0xe0,0x28,0x98,0x10,0xb3,0x0,0x20,0x20,0x20,0x24,0xe0,0x21,0x72,0x42,0x9,
  0x9,0x23,0x68,0x45,0xfa,0x21,0x3c,0x20,0x9f,0x3b,0x65,0x72,0x72,0x9c,0xeb,0xc1,0x35,0x9,0xf0,0x2,0x8b,0x2e,0x78,0x5f,
  0x65,0x13,0x18,0x9b,0x74,0x9,0x80,0x3,0x75,0x41,0x69,0xa4,0x2f,0x60,0x72,0x34,0xfd,0x5,0x6f,0xf8,0x36,0x80,0x5,0x23,
  0xcc,0x4d,0xa8,0xf,0x88,0x8,0x6b,0x31,0x3e,0x3d,0x20,0x2d,0x84,0x22,0x8d,0x10,0x7b,0x22,0x77,0x24,0x54,0x68,0x65,0x2a,
  0x54,0xf,0x22,0x8c,0x44,0x2,0x61,0x6e,0x20,0x61,0x73,0x12,0x22,0xd4,0x20,0x76,0x13,0x94,0x8c,0x9,0x2c,0x20,0x62,0x72,
  0x65,0x61,0x6b,0x20,0x77,0x68,0x65,0x6e,0x27,0x14,0x3,0x3,0x20,0x65,0x78,0x63,0x65,0x65,0x14,0xfd,0x9,0x65,0x22,0xe4,
  0x23,0x2,0x20,0x6c,0x69,0x6d,0x69,0x23,0x8a,0x47,0x9,0x9,0x9c,0x5,0xf9,0x11,0x9,0x94,0x5b,0x36,0x20,0xa,0x90,0x14,
  0x29,0x34,0xa,0xc4,0x44,0x90,0x3a,0x80,0x4f,0xc6,0x4c,0x9,0x9,0x22,0xc0,0x24,0x15,0x30,0x74,0x2a,0x1,0xe,0x2c,0xa9,
  0x12,0x69,0x6e,0x2e,0xd,0xa,0xd8,0x4,0x10,0x1,0xd9,0x73,0x26,0x2a,0xed,0xf,0x2c,0x22,0x34,0xf8,0xc0,0x6,0x64,0x31,
  0x68,0x14,0xa0,0x26,0xaf,0x73,0x6d,0x69,0x6e,0x68,0x30,0x22,0x96,0x96,0x65,0x31,0x98,0x70,0x23,0x18,0x45,0x6c,0xd0,
  0x68,0x31,0x2a,0x28,0x1,0x80,0x6f,0x22,0xa4,0x91,0x22,0xe9,0x7d,0x3e,0x12,0x17,0x67,0x20,0x2d,0x2d,0x28,0x7c,0xda,
  0x28,0x24,0x1,0x6c,0x76,0xd5,0x1,0x2c,0x12,0x34,0x6b,0x28,0x80,0x10,0x27,0x24,0xe,0xe9,0x11,0x9,0x2b,0x80,0x1,0x2a,
  0x78,0x0,0x78,0x43,0xac,0x13,0x28,0xc8,0x2,0x27,0x34,0x2e,0x28,0xb4,0x15,0x22,0x34,0x29,0x7c,0xb,0x94,0x27,0x22,0x4,
  0x26,0x10,0x2,0x8c,0xa5,0x24,0xc0,0x29,0x2d,0x0,0x1a,0x68,0x74,0x26,0x5c,0x3b,0x70,0xce,0x24,0x78,0x53,0x7c,0x1d,0x13,
  0xcd,0x8d,0x6f,0xa8,0xa3,0x30,0x25,0x4,0x30,0x76,0x1e,0x3c,0x20,0x2f,0xb8,0x1f,0x12,0xe0,0xbd,0x22,0xb4,0xde,0x2b,
  0x20,0x3,0x60,0xa1,0x27,0x84,0x12,0x92,0xf2,0x2f,0x2f,0x12,0xc0,0xa6,0xcb,0x48,0x69,0x6e,0x67,0x13,0x88,0x12,0x9c,
  0x47,0x7c,0x4f,0x1,0x6e,0x6f,0x20,0x6e,0x88,0x4b,0x2,0x6f,0x20,0x63,0x6f,0x6e,0x13,0xe0,0x1e,0x22,0xa0,0x2e,0x98,0x69,
  0x2b,0x60,0x1,0x2b,0x85,0x4,0x3c,0x35,0x90,0xb,0x6c,0x42,0xe0,0x2b,0x9d,0x22,0x5b,0x27,0x68,0x3,0x8c,0xa0,0x2d,0x99,
  0x4,0x2e,0x27,0x50,0x1,0x27,0x7c,0x14,0xcc,0xe,0x2f,0xf0,0x0,0x69,0x6b,0x3d,0x38,0x48,0x7,0x65,0x35,0x9,0x65,0xf,0x5f,
  0x8a,0xcc,0x2b,0x2b,0x80,0x2,0x7c,0x78,0x36,0x5c,0x4c,0x9,0x43,0x6f,0x70,0x79,0x46,0x72,0x6f,0x6d,0x4a,0x70,0x65,0x67,
  0x64,0x33,0x1,0x6f,0x6e,0x65,0x6e,0x22,0x74,0x5c,0x2c,0x6c,0x3a,0x13,0x34,0xb6,0x27,0x30,0x31,0xa8,0x9b,0x64,0x79,
  0x98,0x40,0x23,0x70,0x41,0xa0,0x16,0x31,0x4c,0x3a,0x14,0xc8,0x7a,0xf7,0x44,0x69,0x64,0x63,0x22,0xa8,0x32,0x2c,0x77,
  0x1,0x6e,0x73,0x74,0x10,0x1,0xf0,0xb5,0x1,0x6a,0x70,0x65,0x67,0x29,0xb4,0x3f,0x28,0x84,0x1,0x2f,0xf8,0x42,0x30,0x10,
  0x1,0x71,0x48,0x2a,0x13,0x7,0x7f,0x2c,0xd,0xa,0x23,0xbc,0x28,0x68,0xb,0x74,0x2,0xb4,0xa,0x12,0xec,0x3,0x14,0x48,0xb8,
  0x64,0xac,0x28,0xc4,0x1a,0x29,0x74,0x0,0x28,0x8c,0x15,0x28,0x78,0x0,0xac,0x1b,0x14,0x58,0x97,0x32,0xf8,0x0,0x2b,0x7c,
  0x0,0x39,0x0,0x1,0x8d,0xbb,0x5f,0x2c,0xe8,0x1,0xcc,0x7,0xb4,0x6,0x22,0xc,0xe0,0x70,0x55,0x28,0xe8,0x1,0x81,0x40,0x5f,
  0x20,0x30,0x50,0x36,0xd4,0xe,0xb4,0xb,0x98,0x12,0x2d,0x6c,0x36,0x2b,0x80,0x0,0xb0,0x13,0x9c,0xb7,0x27,0xa0,0x4c,0x25,
  0x24,0x23,0x24,0xb0,0x92,0x1,0x5f,0x73,0x72,0x63,0x22,0xf0,0x7d,0xbc,0x9,0x22,0xac,0x2b,0x29,0x44,0x5,0xb8,0xb,0xf1,
  0x80,0x78,0x22,0x39,0x57,0x6b,0x10,0x3,0xbc,0x84,0x68,0x54,0x68,0x34,0xca,0x9,0x64,0x73,0x22,0x64,0x24,0x24,0x40,0xef,
  0x23,0xd8,0x2c,0x2b,0x28,0x2,0x20,0x2,0x30,0x1,0x30,0x58,0x8,0x26,0x14,0x30,0x1,0x2a,0x73,0x72,0x63,0x24,0xb5,0x21,
  0x73,0x22,0x28,0xfd,0xac,0x14,0x1,0x61,0x74,0x63,0x68,0x25,0x84,0xf5,0x78,0x18,0x27,0xe4,0x5f,0xa8,0x5e,0x84,0x1a,
  0x10,0x6,0xe8,0x86,0x60,0x16,0x2b,0x8c,0x16,0xe4,0x93,0x2b,0x57,0x3,0x20,0x2b,0x2b,0x28,0x68,0x16,0xb8,0x8,0x23,0xac,
  0xd5,0x28,0xc,0x2,0x22,0xde,0xe1,0x2a,0x20,0x98,0x55,0x26,0xbc,0xf0,0xec,0x1d,0x2a,0x50,0x2,0x62,0x22,0x2b,0x20,0x8c,
  0x7,0xf8,0x8,0x64,0x10,0xac,0xc8,0x27,0x40,0x16,0xd8,0x6c,0x7c,0x6b,0x24,0x28,0xff,0xc8,0x9,0x60,0x2,0xfb,0x1b,0x64,
  0x73,0x74,0x79,0x1b,0x9,0xac,0x5,0x84,0x3,0x2b,0x24,0x6,0x90,0x3,0x80,0x6e,0x15,0xe4,0x8d,0x9c,0xd,0x62,0xd8,0x63,
  0x74,0x68,0xdd,0x33,0x7c,0x28,0x2b,0x4,0x1,0x22,0x78,0x5f,0x28,0xd4,0x3,0x65,0xc,0x5f,0x23,0x6a,0xb3,0x3d,0x20,0x6c,
  0x1,0xd4,0x1c,0x36,0x28,0x12,0x3,0x41,0x70,0x70,0x6c,0x79,0x47,0x13,0x18,0xe6,0x15,0xb0,0x8d,0x12,0xb1,0x87,0x6e,0x2d,
  0x7c,0x82,0x27,0x30,0x7,0xc0,0x1c,0xb0,0x91,0x2a,0xd0,0x7,0xb8,0x1b,0x2d,0xc4,0x11,0x10,0x1,0x14,0x8c,0x2c,0x78,0x0,
  0x12,0x6c,0x8f,0x64,0x72,0x27,0x20,0x5,0x28,0xee,0xd,0x2a,0x71,0x60,0x3,0x28,0x3c,0x0,0x94,0x21,0x32,0xfc,0xf,0xa0,
  0x3,0x27,0x94,0xc,0x20,0x44,0x4,0xf,0xac,0xe,0xba,0x61,0x7c,0x7c,0x25,0xec,0x38,0x29,0x58,0x45,0x27,0x34,0x2,0x30,
  0x4c,0xf1,0xa0,0x6d,0x2c,0xbc,0xe,0x2a,0x38,0x1,0x20,0x1,0xa8,0xe,0x71,0x26,0x5f,0x20,0x9,0x18,0x1,0xa4,0xfc,0x29,
  0x84,0x5,0xac,0x6b,0x2d,0x38,0xe,0x2a,0x3c,0x7,0xc4,0x56,0x60,0x52,0x98,0xb8,0xa0,0x6,0x90,0x14,0x20,0x39,0x30,0xe,
  0x28,0x54,0xd,0xe8,0x11,0x1,0x6f,0x6f,0x6c,0x5b,0x29,0xac,0x3,0x22,0x60,0x41,0x23,0x5c,0x22,0x22,0x8,0x40,0xc8,0x54,
  0x14,0xcc,0xab,0xbb,0x95,0x2c,0x20,0x71,0x23,0x14,0x40,0x60,0x40,0x70,0xf0,0x23,0x58,0x24,0x31,0xc,0x1,0x23,0x40,0x44,
  0x20,0xa,0x30,0xd,0x25,0xe0,0x2e,0x2c,0xe5,0x10,0x3d,0xac,0x3e,0xcc,0x6a,0x22,0xdd,0x62,0x9,0x2f,0x8c,0xb,0x70,0x6e,
  0x36,0x34,0x10,0x6d,0x2b,0x9,0x3c,0x29,0x10,0x9,0x3a,0x2c,0x10,0x20,0x11,0xfc,0x2,0xb4,0x11,0x74,0x9e,0x2b,0x38,0x10,
  0x88,0x17,0x36,0x4c,0x10,0x27,0x48,0x22,0x1,0x73,0x54,0x6f,0x50,0x12,0xd9,0xd5,0x73,0x10,0x4,0x44,0x9b,0x28,0x2c,0xf,
  0x2c,0xab,0xe,0x78,0x6d,0x69,0x10,0x6,0x91,0x99,0x79,0x2f,0x44,0x0,0x31,0x44,0x5f,0x31,0x2c,0x5f,0x12,0xa1,0x9c,0x64,
  0x12,0xfc,0x52,0x2a,0x84,0x11,0xac,0x82,0x26,0xd0,0x5a,0x23,0x21,0x4b,0x73,0x2c,0x0,0x2,0x80,0x73,0x2c,0x48,0x0,0x27,
  0x44,0xe,0x78,0x43,0xa4,0x8,0x78,0xde,0x90,0x5a,0x20,0x22,0x84,0x1f,0x28,0x47,0x1,0x79,0x65,0x6e,0x23,0x60,0xc0,0x68,
  0x1e,0x12,0x27,0x8f,0x73,0x69,0x7a,0x13,0x14,0x4a,0x2c,0x84,0x0,0x23,0xbb,0xa1,0x69,0x6e,0x28,0x96,0x5,0x2c,0x20,0xd4,
  0x13,0xa8,0x75,0x28,0xa5,0x0,0x78,0xcc,0x9,0x60,0x2a,0x22,0xb4,0x6a,0x30,0x2c,0x1,0x64,0x4,0xec,0x9,0x6f,0x1,0x31,
  0x2c,0x20,0x90,0x1f,0x60,0xc6,0x25,0x90,0x20,0x22,0xac,0x58,0xd0,0x11,0xb5,0x1d,0x79,0x68,0x6d,0x70,0x1f,0x22,0x60,
  0x23,0xc8,0xb,0xa4,0x3,0x22,0xf4,0x4b,0x74,0x6,0x27,0xcc,0x73,0x1,0x65,0x6e,0x64,0x30,0x22,0x6c,0x22,0x88,0x9b,0x6c,
  0x15,0x23,0x50,0xc6,0x2b,0xac,0x58,0x61,0x9,0x70,0x64,0x9,0x22,0xe0,0x21,0x8c,0xf,0x64,0x15,0xa4,0x19,0x27,0xd0,0x11,
  0x28,0xa5,0x8,0x5f,0x60,0xea,0x23,0xc,0x2d,0x2,0x20,0x2b,0x20,0x28,0x28,0x6c,0x16,0x12,0x78,0x97,0x78,0x10,0x22,0x6c,
  0x22,0xbd,0x10,0x79,0x28,0x3c,0x4e,0x70,0x2,0xb4,0x40,0xa8,0xa,0x60,0xcb,0xcd,0x8,0x28,0x97,0xa,0x29,0x28,0x28,0xaa,
  0x40,0x5b,0x70,0x13,0xe8,0x54,0x22,0x44,0x83,0xa,0x28,0x78,0x20,0x26,0x20,0x31,0x29,0x29,0x20,0x3e,0x3e,0x20,0x34,
  0x68,0x21,0x98,0xf5,0x31,0x25,0x9e,0x70,0x23,0xc0,0x2d,0x27,0x77,0xb,0x45,0x78,0x31,0x20,0x5a,0x80,0xb,0x28,0xdc,0x7,
  0x98,0x28,0x20,0xe7,0xfc,0xa,0x6c,0x4b,0xb8,0x44,0x27,0x68,0x1c,0xe0,0x58,0x33,0x68,0xb,0x2e,0x1,0xb,0x31,0x3d,0x0,
  0xb,0x20,0x2f,0x90,0xa,0x2f,0x1c,0x18,0x22,0xf4,0x39,0x24,0x8b,0x2e,0x6f,0x75,0x74,0x3d,0xd4,0xb,0xa2,0x1d,0x2d,0x20,
  0x7c,0x61,0x22,0xac,0x41,0x39,0xf8,0xb,0x87,0x61,0x73,0x72,0x63,0x70,0x21,0x1a,0xd8,0x1b,0x23,0xd0,0x45,0xe4,0x22,
  0x70,0x2,0x23,0x94,0x2c,0x14,0x98,0x27,0x88,0x77,0x22,0x7b,0x28,0x79,0x29,0x20,0x60,0xa0,0x29,0xe0,0x6c,0x64,0xe,0x22,
  0x80,0x7d,0x84,0xe,0x2a,0xa4,0xce,0x28,0x38,0xa,0x68,0x4,0x70,0x8c,0x2,0x73,0x74,0x64,0x3a,0x3a,0x22,0x74,0x43,0x60,
  0x2,0xe5,0x8d,0x5f,0x7c,0x6b,0x24,0xc4,0x47,0x87,0x35,0x6d,0x69,0x6e,0x70,0xf,0x94,0x11,0x2c,0x5d,0x10,0x5f,0x60,0x83,
  0xf8,0x3,0xd0,0x13,0x22,0x64,0x8a,0x75,0x9,0x30,0x70,0x13,0x4,0x78,0x2c,0x20,0x2b,0x2b,0x70,0x78,0x23,0xd0,0x44,0x12,
  0x10,0x2,0xbf,0x7e,0x29,0x20,0x7b,0x98,0x77,0x22,0xd8,0x52,0x26,0x40,0x39,0x27,0xf5,0x23,0x2d,0xac,0x4,0x84,0xe,0x2d,
  0x49,0x1,0x31,0x88,0xa,0xdd,0x1d,0x9,0x74,0x25,0x24,0xe0,0x3f,0x29,0x75,0x23,0x9,0x23,0xb4,0x3e,0x28,0xa8,0x1,0x98,
  0x8,0x25,0xbd,0x3e,0x9,0x12,0xc4,0xf0,0x80,0xf,0x20,0x3,0xdd,0x10,0x32,0x20,0x0,0x76,0xdc,0x10,0xb8,0xc9,0x78,0xda,
  0x9c,0x51,0x94,0x63,0x8c,0xda,0xe8,0x89,0x6c,0xe1,0x2b,0xc0,0x10,0x68,0xec,0x2b,0xc1,0x10,0x31,0x2f,0xe4,0x3d,0x3f,
  0xc0,0x10,0x23,0x6c,0x23,0x1e,0x7d,0x1,0x5f,0x36,0x30,0x1b,0x20,0x1,0x9c,0x10,0xfc,0x8,0x23,0x94,0x20,0x74,0xe4,0x98,
  0xf8,0x13,0x7c,0x40,0xfc,0x17,0x23,0x40,0x3f,0x27,0xe,0xc,0xd,0xa,0x9c,0x5c,0xdc,0xe3,0x68,0x5e,0x22,0x50,0x3d,0x74,
  0x5a,0x20,0x3,0x80,0x10,0x80,0x66,0x30,0x80,0x10,0x2e,0xac,0xd,0x16,0xc,0x1b,0x78,0xa,0x28,0x18,0x2a,0x6d,0x7f,0x30,
  0x14,0x9c,0x38,0x98,0x16,0x20,0x1b,0xf0,0xd,0x39,0xe7,0xd,0x6c,0x6f,0x72,0x10,0xb,0x88,0xc6,0x2a,0x78,0x28,0x23,0x54,
  0x20,0x2,0x20,0x2a,0x72,0x67,0x62,0x20,0xd,0x93,0x7d,0xd,0xa,0x9,0x10,0x10,0x9,0xc8,0x26,0x12,0x68,0x84,0xd0,0x49,0x1,
  0x20,0x2a,0x20,0x33,0x13,0x50,0x16,0xd0,0x83,0x1f,0x5c,0xc,0x13,0x4,0xc8,0x10,0x2,0x80,0x34,0x10,0x11,0x38,0x54,0x64,
  0x4e,0x16,0xc0,0x58,0x78,0xfc,0x23,0xf,0x25,0x6f,0x73,0x5f,0x23,0x48,0x63,0x70,0x1,0x88,0x28,0xe4,0x3,0x27,0x5c,0x2c,
  0x27,0xe0,0x9,0xa8,0xb3,0x24,0x4,0x5b,0x10,0x90,0x0,0xea,0x24,0x74,0xf6,0x74,0x19,0x2,0x6c,0x6f,0x63,0x61,0x6c,0x24,
  0x4c,0x54,0x26,0x6c,0x5f,0x25,0x70,0x97,0xa4,0x3,0x12,0xa0,0x18,0x14,0xd4,0x8e,0x26,0xdc,0x78,0x7c,0xbc,0xc9,0x4,0x77,
  0x68,0x6,0x9,0x2e,0x37,0x31,0x31,0x31,0x30,0x30,0x38,0x34,0x30,0x31,0x39,0x29,0x90,0x7a,0xa8,0x53,0x12,0xc8,0x2b,0x23,
  0x26,0xa2,0x7b,0x7b,0x12,0xa7,0x1e,0x7d,0x2c,0x20,0x7d,0x0,0x37,0x7c,0x0,0x1,0x37,0x2c,0x20,0x30,0xde,0x0,0x37,0x7d,
  0x23,0xf0,0x70,0x7c,0x11,0x22,0x35,0xb3,0x53,0x1a,0x26,0x6,0x3d,0x20,0x12,0x21,0x58,0xd,0x10,0x2,0x0,0x3a,0x10,0x5,
  0xc1,0x21,0x6b,0x24,0x8c,0x6d,0x84,0xe6,0x60,0x7,0x70,0x5c,0x29,0x13,0xa4,0x73,0x65,0x74,0x12,0xe4,0x20,0x14,0xf4,
  0x8a,0x27,0x80,0x11,0x60,0x4,0x6c,0x7e,0xd3,0x13,0x6b,0x5d,0x5b,0x13,0xc0,0x58,0x22,0x54,0x5a,0x22,0xe4,0x3a,0x23,
  0x58,0x86,0x27,0x6,0x2,0x26,0x26,0x13,0xf8,0xc3,0x27,0x3c,0x0,0x10,0x2,0x10,0x12,0x26,0xdc,0x39,0x24,0x20,0xb9,0x13,
  0xb4,0x1f,0x22,0x88,0x2d,0x88,0x43,0x22,0x14,0x21,0x22,0xb4,0xe2,0xfc,0x6,0xac,0xf0,0x16,0x85,0x4f,0x69,0x10,0x1,0x78,
  0x7b,0x12,0x54,0x48,0xf0,0x4,0x80,0x76,0x10,0x18,0x6c,0x24,0x7f,0x14,0x9,0x9,0x77,0x12,0xd5,0x7b,0x72,0x15,0x14,0x2e,
  0x7e,0x0,0x32,0x5d,0x13,0xdd,0x72,0x9,0xc9,0x3,0x67,0xc8,0x3,0x7c,0x0,0x2d,0x68,0x0,0x24,0xf6,0xff,0x2d,0x20,0x7c,0x0,
  0x2d,0x6a,0x0,0x72,0x32,0xd8,0x6,0x80,0x1,0x2d,0x71,0x0,0x67,0xf0,0x3,0x80,0x1,0x2d,0x71,0x0,0x62,0xf0,0x3,0x80,0x1,
  0x28,0x70,0x0,0x2,0x31,0x2e,0x30,0x2c,0x20,0x27,0x14,0x9,0xda,0x20,0x2b,0x2b,0xa4,0x2,0x23,0x14,0x5e,0x94,0x1e,0x6c,
  0xfa,0x23,0x34,0x61,0x23,0x20,0x33,0xe0,0x22,0x22,0xec,0x62,0x64,0x35,0x27,0x3d,0x0,0x3c,0x14,0xec,0x63,0x84,0xbe,
  0x90,0x3e,0x28,0x44,0x5,0x22,0xc0,0x46,0x22,0xf8,0xe9,0xec,0x5,0x22,0x60,0x26,0xe8,0x31,0x9d,0xcb,0x9,0x28,0xac,0x0,
  0x22,0xb4,0xb4,0x13,0x98,0x41,0x2a,0xf4,0x5,0x2b,0xd8,0x14,0x20,0xd9,0x14,0x6,0x90,0xa6,0x25,0xf8,0x29,0xe4,0x7c,0x13,
  0x84,0xd4,0x98,0x7c,0x8,0x30,0x31,0x36,0x31,0x37,0x31,0x31,0x32,0x36,0x39,0x36,0x7c,0x36,0xbc,0x9c,0xd9,0x4,0x6d,0x13,
  0xf4,0x2a,0x14,0x4c,0xc5,0x12,0x78,0xfa,0x1,0x2e,0x30,0x20,0x2f,0xc8,0x3f,0x27,0xa0,0x7,0x23,0x8,0x28,0x64,0x75,0x22,
  0xf0,0x6e,0x25,0x60,0x58,0x10,0x6,0x20,0x49,0x22,0xbc,0xb3,0x13,0x55,0x2b,0x69,0x23,0x90,0xa8,0x75,0xa,0x2a,0xd8,0x8,
  0x7c,0x90,0x24,0x84,0xec,0x28,0x40,0x44,0x27,0x74,0x17,0xd4,0x10,0x29,0x34,0xc5,0x33,0x38,0x16,0x18,0xf,0x88,0x9,0xb4,
  0xa1,0x24,0x2,0x5f,0x20,0x75,0x14,0x49,0x2d,0x76,0x7b,0x0,0x2b,0x20,0x75,0x22,0x4f,0xcc,0x2a,0x20,0x76,0x78,0x0,0x74,
  0x1,0x13,0xe2,0x2b,0x76,0x5b,0x10,0x3,0x14,0x69,0x2e,0x14,0x2,0x29,0x45,0xdb,0x28,0x18,0x1,0xd0,0x2a,0x1a,0x8,0x2b,
  0x2b,0xc8,0x4,0x1e,0xb0,0xf,0xb0,0x2,0x7c,0x22,0x22,0x78,0x23,0x26,0x64,0xb5,0xc5,0x1a,0x73,0x22,0x34,0xb8,0x74,0x5d,
  0xdc,0x1,0x84,0x8d,0x13,0x8c,0x14,0x1c,0x48,0x10,0xd0,0xd5,0x1,0x62,0x61,0x73,0x65,0x88,0x3,0x14,0xe1,0x8f,0x69,0x13,
  0x0,0xea,0x16,0x43,0x19,0x72,0x65,0x73,0x7c,0x35,0x7c,0x9b,0xdf,0x4,0x3e,0x3d,0x20,0x6c,0xd,0x23,0xc,0x33,0x1d,0x10,
  0x28,0x12,0xc3,0x6d,0x20,0x3d,0x20,0x1b,0x1,0x12,0x5b,0xf0,0x3,0x23,0x20,0x4c,0x78,0x73,0x10,0x3,0x8,0x1e,0xc5,0x11,
  0x6d,0x9d,0xd,0x69,0x60,0x9d,0xb4,0xa,0x6c,0xc,0x9c,0xac,0x1,0x6e,0x65,0x78,0x74,0x90,0x3,0xbc,0x2,0x22,0x54,0xfe,
  0x8e,0x3,0x72,0x65,0x22,0x6c,0x61,0xa4,0xc,0xa8,0x3,0x12,0xc4,0x8e,0x7f,0x8,0x2a,0x20,0x28,0xb8,0x2,0xa8,0x7,0x12,
  0xe0,0x21,0xbc,0x1,0xd8,0x4,0x88,0x87,0x7c,0x10,0x6d,0x18,0x73,0x22,0x58,0x32,0x26,0xa8,0x43,0x65,0xa,0x2d,0xc0,0x1c,
  0xdc,0x37,0xb4,0x1,0x88,0x59,0x16,0x9c,0x10,0x17,0xd0,0x22,0x22,0x64,0x56,0x0,0x2,0x5f,0x78,0x20,0x31,0x31,0x2e,0x33,
  0x38,0x37,0x30,0x38,0x33,0x33,0x34,0x34,0x38,0x31,0x36,0x37,0x32,0x18,0x1,0x70,0x1f,0x28,0xab,0x0,0x69,0x6e,0x63,0x68,
  0x5,0xe,0x34,0x2e,0x35,0x35,0x30,0x31,0x38,0x39,0x36,0x31,0x31,0x35,0x32,0x30,0x37,0x31,0x36,0x10,0x4,0x60,0x11,0xd0,
  0x21,0x28,0xd4,0x0,0x22,0xd7,0xe2,0x78,0x5b,0x32,0x23,0x38,0xd4,0x7c,0x36,0x23,0x48,0xa7,0x28,0x78,0x0,0x23,0x74,0xbe,
  0x22,0xec,0x20,0x2d,0x48,0x0,0x73,0x24,0x20,0x2a,0x20,0x28,0x54,0x0,0x94,0xf,0x34,0xa0,0x0,0x60,0x97,0x20,0x4,0xa0,
  0x0,0x1a,0xbc,0x10,0x20,0x4,0xa0,0x0,0x12,0xd8,0x13,0x20,0x4,0xa0,0x0,0x12,0xbc,0x95,0x20,0x4,0xa0,0x0,0x12,0x30,0x45,
  0x20,0x4,0xa1,0x0,0x37,0x20,0x7,0xd4,0x3,0x12,0x7c,0x48,0x20,0x4,0x45,0x1,0x39,0x20,0x7,0x46,0x1,0x31,0x30,0x20,0x8,
  0xa4,0x0,0x22,0xe4,0xef,0x20,0x4,0xf1,0x1,0x31,0x20,0x8,0x71,0x6,0x31,0x20,0x8,0x75,0x6,0x31,0x20,0x8,0x79,0x6,0x31,
  0x20,0x8,0x7d,0x6,0x31,0x20,0x8,0x81,0x6,0x31,0x20,0x8,0x85,0x6,0x31,0x20,0x8,0x89,0x6,0x31,0x34,0x8c,0x6,0x22,0xc,
  0x28,0x32,0x24,0xe,0x70,0x66,0x0,0x2,0x79,0x20,0x31,0x2e,0x34,0x31,0x30,0x33,0x33,0x37,0x33,0x37,0x31,0x34,0x30,0x34,
  0x30,0x34,0x31,0x33,0x32,0xac,0x0,0x7c,0x66,0x2,0x79,0x20,0x30,0x2e,0x37,0x22,0x3c,0x2a,0x5,0x38,0x38,0x38,0x36,0x37,
  0x30,0x32,0x34,0x20,0x1,0xc9,0xe,0x79,0x3c,0xc8,0xe,0x23,0xec,0x2f,0x28,0x0,0x8,0xa0,0x12,0x12,0x94,0x15,0x2e,0xc8,
  0xe,0x35,0xa0,0x0,0x30,0x54,0x8,0x35,0xa0,0x0,0x30,0x50,0x8,0x35,0xa0,0x0,0x30,0x4c,0x8,0x35,0xa0,0x0,0x30,0x48,0x8,
  0x35,0xa0,0x0,0x30,0x44,0x8,0x35,0xa0,0x0,0x30,0x40,0x8,0x35,0xa0,0x0,0x30,0x3c,0x8,0x35,0xa0,0x0,0x30,0x38,0x8,0x35,
  0xa0,0x0,0x31,0xc8,0xe,0x36,0xa4,0x0,0x30,0xc8,0xe,0x36,0xa4,0x0,0x20,0x8,0x70,0x6,0x31,0xc8,0xe,0x36,0x4c,0x1,0x20,
  0x8,0x78,0x6,0x31,0xc8,0xe,0x36,0x4c,0x1,0x20,0x8,0x80,0x6,0x31,0xc8,0xe,0x36,0x4c,0x1,0x20,0x8,0x88,0x6,0x31,0xc8,
  0xe,0x6c,0xa,0xa8,0x76,0x18,0x7,0x8,0xf,0x27,0xa4,0xc,0x22,0xe0,0x4d,0xc8,0xe4,0x18,0x1,0xf0,0x2c,0x18,0x1,0xe1,0x2c,
  0x7a,0x60,0xdc,0xdc,0x3,0x18,0x19,0x80,0x2d,0x24,0x94,0x26,0x24,0xb8,0x24,0xd1,0x6,0x78,0x22,0x85,0x28,0x3d,0x7b,0x7d,
  0x35,0x38,0x33,0x73,0x82,0x35,0x36,0x39,0x10,0x9,0x29,0xa,0x79,0xb4,0x4,0x9,0x32,0x2e,0x32,0x38,0x31,0x34,0x38,0x36,
  0x34,0x39,0x38,0x30,0x23,0x9c,0x71,0x2b,0x29,0x1,0x7a,0xb0,0x4,0x8,0x31,0x2e,0x38,0x37,0x38,0x31,0x36,0x39,0x32,0x36,
  0x39,0x13,0xe0,0xb,0x22,0xd4,0x46,0x1a,0xee,0x37,0x20,0x3d,0x10,0x3,0x3a,0xa8,0x28,0x26,0x27,0x89,0x3,0x5f,0xa4,0xfe,
  0x12,0xb6,0x5a,0x32,0x31,0x12,0x3a,0xb5,0x2a,0x20,0x74,0x12,0x23,0xc8,0x22,0x6c,0x1a,0x22,0x58,0x4b,0x2a,0x44,0x28,
  0x2d,0xe5,0x0,0x79,0x13,0xc8,0x47,0x64,0x7,0x22,0xfc,0x38,0x64,0x15,0x27,0xe5,0x0,0x7a,0x12,0xf4,0xc2,0x75,0x12,0x2a,
  0x10,0x1,0x10,0xc3,0x29,0x44,0x23,0x15,0x0,0x5d,0x1c,0x14,0x3b,0x0,0x5,0x5f,0x69,0x6e,0x63,0x20,0x35,0x2e,0x32,0x35,
  0x31,0x31,0x36,0x34,0x34,0x35,0x37,0x30,0x33,0x34,0x39,0x31,0x38,0x35,0x35,0xe0,0x13,0x2c,0xeb,0x0,0x6c,0x75,0x74,
  0x2e,0xf4,0x13,0xd0,0x67,0x2c,0x9e,0x0,0x69,0x6e,0x23,0xa0,0xff,0xd8,0x65,0x33,0x6c,0x0,0xd8,0x97,0x33,0x6c,0x0,0xc8,
  0x62,0x33,0x6c,0x0,0xd0,0x94,0x33,0x6c,0x0,0xd8,0x5e,0x33,0x6c,0x0,0xc8,0x91,0x33,0x6c,0x0,0xc8,0x5b,0x33,0x6c,0x0,
  0xc0,0x8e,0x33,0x6c,0x0,0xec,0x8c,0x34,0x70,0x0,0x3a,0x64,0x4,0xf0,0xff,0x34,0xe4,0x0,0x3a,0x6c,0x4,0xe8,0xfc,0x34,
  0xe4,0x0,0x3a,0x74,0x4,0xe0,0xf9,0x34,0xe4,0x0,0x3a,0x7c,0x4,0xf8,0xf5,0x34,0xe4,0x0,0x3a,0x85,0x4,0x32,0x25,0xe0,
  0x24,0x32,0xe4,0x0,0x37,0x40,0x10,0x2b,0xb0,0x0,0x1e,0x44,0x3c,0x37,0x50,0x10,0x22,0xcc,0xad,0x22,0x90,0xee,0xdc,0x7c,
  0x60,0x69,0x28,0xac,0x0,0x74,0x1,0x28,0x10,0x11,0x75,0x1,0x7a,0x2b,0x34,0x51,0xd0,0x6,0x78,0x70,0xc,0x20,0x3d,0x20,
  0x36,0x2e,0x36,0x34,0x34,0x38,0x32,0x31,0x39,0x38,0x31,0x33,0x37,0x6c,0x10,0xa,0x30,0x2e,0x38,0x33,0x37,0x38,0x34,
  0x36,0x32,0x32,0x34,0x32,0x37,0x30,0x78,0x3b,0xd0,0x83,0x9,0x37,0x2e,0x33,0x34,0x39,0x30,0x35,0x37,0x35,0x36,0x39,
  0x38,0x30,0x90,0x0,0x4,0x79,0x5f,0x74,0x6f,0x5f,0x7a,0x5f,0x64,0x76,0x68,0x92,0x2,0x30,0x38,0x31,0x32,0x35,0x77,0xe,
  0x32,0x36,0x32,0x12,0x8,0x1d,0x1,0xd,0xa,0x9,0x7a,0x22,0x34,0x63,0x29,0x98,0x0,0x15,0x98,0x5b,0x84,0x18,0x73,0x7d,
  0x20,0x2a,0x20,0x64,0xd,0x22,0xb4,0x34,0x6c,0x2,0x22,0x44,0x4b,0x12,0xd4,0x67,0x60,0x19,0xec,0x2,0x32,0x38,0x11,0x2b,
  0x68,0x5,0x7c,0x91,0x33,0x4c,0x11,0x23,0x44,0x34,0x29,0xa4,0x16,0xd4,0x24,0x29,0x6c,0x12,0x10,0x5,0x54,0x1a,0x2d,0x4,
  0x3d,0xd8,0x5,0x25,0xd4,0x3a,0x24,0x20,0x4a,0xb6,0x34,0x20,0x20,0x13,0xc,0x42,0x22,0xd0,0x38,0x1f,0x80,0x44,0x27,0xdc,
  0x3a,0x2c,0xc4,0x36,0x22,0x46,0x34,0x9,0x73,0x7c,0x1a,0x23,0xb0,0x88,0x22,0x48,0x37,0xdc,0xa,0x23,0xc0,0x38,0x29,0x60,
  0x3b,0x23,0x24,0x39,0x24,0xf8,0x37,0x22,0x74,0x47,0x2,0x69,0x6e,0x74,0x29,0x28,0x20,0xb8,0x58,0x3b,0x30,0xe4,0x3a,
  0x29,0x9c,0x6,0x23,0xe4,0x5a,0x10,0x18,0xd1,0x74,0x6f,0x1b,0xdc,0x5b,0x18,0x69,0xa8,0x4f,0xb0,0xf2,0xd0,0x38,0x60,
  0xe5,0x4,0x30,0x2c,0x20,0x76,0x61,0x6c,0x79,0xb9,0x0,0x7a,0x98,0x3c,0x29,0x75,0x0,0x31,0xb4,0x3,0xb9,0x0,0x7a,0x97,
  0xf0,0x58,0x79,0x62,0x2b,0x1,0xb,0x28,0x70,0x18,0x1a,0xa1,0x52,0x62,0x15,0x5c,0x64,0x12,0x9c,0x64,0x12,0xac,0x5c,0x6c,
  0xa,0x7d,0x0,0x7a,0x24,0xb0,0xf3,0x65,0x4b,0x72,0x13,0x87,0xd2,0x30,0x2e,0x30,0x22,0xb5,0x50,0x67,0x2a,0x31,0x0,0x62,
  0xf0,0x1,0x22,0xbc,0x50,0x98,0x4e,0xf,0x2f,0x2f,0x20,0x50,0x52,0x4f,0x46,0x49,0x4c,0x45,0x52,0x5f,0x5a,0x4f,0x4e,0x45,
  0x28,0x22,0xd0,0x2a,0x9,0x20,0x72,0x31,0x3d,0x67,0x31,0x3d,0x62,0x31,0x3d,0x30,0x22,0x90,0xef,0x22,0x2c,0x44,0x23,
  0xf4,0x47,0x12,0xec,0x57,0x1a,0x62,0x4a,0x20,0x2a,0x6d,0x1a,0x78,0x78,0x9e,0x88,0x1c,0x70,0x71,0x91,0x4,0x31,0x23,
  0x98,0x4a,0x24,0x94,0xc1,0xb1,0x4,0x79,0xd1,0x4,0x79,0x84,0x1f,0x90,0x4,0x24,0xc0,0xf3,0x2a,0x91,0x0,0x7a,0xd0,0x4,
  0xb8,0x23,0x28,0xc4,0x86,0x23,0xbc,0x8f,0x30,0x3c,0x4,0x5,0x31,0x2c,0x20,0x67,0x31,0x2c,0x20,0x62,0x15,0xa1,0x65,0x78,
  0xdc,0x0,0x12,0xf0,0x65,0x9d,0x21,0x31,0x94,0x16,0xa,0x2f,0x2f,0x20,0x41,0x70,0x70,0x72,0x6f,0x78,0x69,0x6d,0x61,0x74,
  0x14,0x9a,0xc9,0x64,0x69,0x1a,0x96,0x86,0x63,0x65,0x22,0x20,0xef,0x12,0xbc,0xca,0x13,0x34,0xca,0x1,0x73,0x20,0x62,
  0x79,0x22,0x86,0xb7,0x69,0x72,0x12,0x70,0xa9,0x5,0x70,0x65,0x63,0x74,0x69,0x76,0x65,0x20,0xe8,0x5,0x1a,0x52,0x27,0x2f,
  0x2f,0x12,0xb8,0xca,0x1,0x67,0x72,0x61,0x79,0x22,0xa0,0xb7,0x29,0xf6,0x6,0x20,0x3d,0xdd,0x20,0x2d,0x9c,0x0,0x98,0x37,
  0x28,0x78,0x0,0x68,0x93,0x89,0x3f,0x20,0x99,0x3,0x79,0x2d,0x78,0x0,0x22,0x38,0x23,0x1,0x76,0x61,0x6c,0x7a,0x22,0xac,
  0x6c,0x7c,0x0,0x98,0x3,0x1a,0xc1,0x58,0x30,0x2f,0x10,0x5,0x70,0x9e,0x60,0x2d,0x7c,0x2c,0x64,0x4,0x31,0x98,0x5,0xd4,
  0x2d,0xe4,0x4,0x31,0x8c,0x5,0xa4,0x4,0x12,0x90,0xe9,0x84,0x9f,0x18,0x8,0x80,0x61,0x22,0xfd,0x94,0x6c,0x1a,0xac,0x8a,
  0x74,0x43,0xd6,0x18,0x72,0x65,0x14,0xc0,0x4,0xd8,0x1,0x22,0xdc,0xc9,0x22,0xd,0xfa,0x20,0xcc,0x5,0x23,0x94,0x8b,0x28,
  0x49,0x4f,0x20,0xd8,0x4,0x2,0x6b,0x53,0x71,0x72,0x74,0x1a,0x60,0x66,0x23,0x98,0x54,0x0,0x1,0x37,0x30,0x37,0x31,0x30,
  0x36,0x37,0x38,0x31,0x31,0x38,0x36,0x35,0x34,0x37,0x35,0x32,0x34,0x34,0x22,0x70,0x64,0x8,0x34,0x33,0x36,0x32,0x31,
  0x30,0x34,0x38,0x34,0x39,0x30,0x22,0x5c,0x63,0x2e,0x80,0xf,0x5,0x52,0x65,0x61,0x6c,0x46,0x46,0x54,0x38,0x1d,0xbc,0x42,
  0xc5,0xb,0x2a,0x12,0x0,0x5,0xd0,0xf,0x23,0x8c,0xb9,0xdc,0xdc,0xd8,0x3,0x0,0x7,0x74,0x31,0x2c,0x20,0x74,0x32,0x2c,0x20,
  0x74,0x33,0x2c,0x20,0x74,0x35,0x2c,0x20,0x74,0x36,0x2c,0x20,0x74,0x37,0x2c,0x20,0x74,0x7f,0xcd,0x9,0x74,0x38,0x12,
  0x97,0x41,0x6e,0x5b,0x36,0x23,0x1a,0x4f,0x74,0x35,0xb5,0x1,0x32,0x22,0x74,0x4d,0x27,0x80,0x0,0x12,0xc1,0x56,0x6e,0x24,
  0x35,0x53,0x9,0x22,0xd3,0xfe,0x32,0x5d,0x2e,0x6e,0x20,0x20,0x3d,0xcc,0x8,0x6f,0x2,0x36,0x5d,0x2e,0x60,0x21,0x12,0x21,
  0xe2,0x74,0x80,0xe8,0x71,0x2,0x34,0x27,0x50,0x0,0xac,0x2,0xf1,0xd,0x34,0xb1,0xd,0x33,0xb1,0xd,0x30,0x31,0xb0,0x1,0x24,
  0x44,0x66,0x6d,0x8,0x30,0x31,0xb1,0x1,0x34,0x28,0x4c,0x0,0x78,0x24,0x91,0x12,0x36,0x2d,0x4e,0x0,0x74,0x37,0xb5,0xb,
  0x35,0x2b,0xad,0x1,0x31,0x8c,0xd,0x13,0x7e,0xdd,0x74,0x37,0x63,0xed,0x69,0x6e,0x5b,0x23,0x70,0x67,0x8d,0x8,0x31,0x28,
  0xc,0x1,0xa8,0x4,0xd1,0x23,0x37,0xac,0x8,0xd1,0x23,0x33,0x8c,0x8,0xf4,0x27,0xb0,0x23,0x1c,0x88,0x8d,0x7d,0x15,0x33,
  0x28,0xc,0x1,0xa8,0x4,0x22,0x2d,0x61,0x2d,0xdd,0x1f,0x36,0x6c,0x26,0x1,0x33,0x20,0x2d,0x20,0xdc,0x1,0x7c,0xb,0x27,
  0x60,0x8,0x7a,0x54,0x74,0x36,0x12,0x64,0xf5,0xa4,0x2f,0x75,0x9,0x35,0x27,0x34,0x1,0x74,0x1,0xff,0x1e,0x2d,0x20,0x74,
  0x23,0x65,0x21,0x74,0x22,0xda,0x87,0x74,0x33,0x1a,0xec,0x7b,0x8e,0x2e,0x74,0x31,0x2f,0xf4,0x0,0xd0,0x32,0xd4,0x7,0x97,
  0x1,0x2d,0x20,0x74,0x9a,0x6a,0x74,0x36,0x60,0x20,0xc4,0x3,0x60,0x3a,0x60,0x10,0x29,0x38,0x0,0x6c,0x15,0xf9,0xc,0x2b,
  0x23,0xc1,0x97,0x5b,0xc0,0x3a,0x29,0xa0,0x0,0x85,0xa,0x3d,0xe4,0xa,0x66,0x24,0x74,0x32,0x7c,0x1b,0x9e,0x32,0x74,0x35,
  0x2c,0x3d,0x2,0x37,0x27,0x3c,0x8,0x78,0xc,0xe8,0x46,0x27,0x35,0x4,0x32,0x7d,0x11,0x74,0xa5,0x7,0x32,0x2f,0xe4,0x0,
  0x64,0x14,0x25,0xfc,0x87,0xef,0x3d,0x2d,0x20,0x74,0x22,0x2e,0x71,0x9,0x74,0x84,0x7,0xcc,0xa,0x7c,0x4,0xe0,0x14,0xe1,
  0x5,0x3d,0xe1,0x5,0x35,0x68,0xc,0xc0,0x5,0x68,0x17,0x29,0xa0,0x0,0x78,0x1,0x68,0x1e,0xa4,0x29,0x64,0x19,0x7c,0x4,0xcc,
  0x5d,0x7c,0x4,0x94,0x2d,0x6c,0x2,0xe8,0x52,0x27,0xe0,0x2,0x68,0x4d,0x60,0x3,0xcc,0x3f,0x90,0x5,0x27,0xa4,0x1,0xd4,0x5,
  0x90,0x2,0x64,0x5e,0x60,0x5,0xe3,0x4d,0x2d,0x20,0x74,0xa0,0x4d,0x8c,0x51,0x29,0x64,0x0,0x94,0x5,0x76,0x43,0x74,0x35,
  0x74,0x3b,0x90,0x4,0x78,0x3,0xd0,0x9,0x7c,0x14,0xb4,0x4b,0x1,0x35,0x20,0x2d,0x3d,0xd0,0x8,0x7c,0x3,0xe1,0xb,0x3d,0xc4,
  0x4c,0x6d,0x2,0x32,0x27,0xd4,0x5,0xac,0x2b,0x6d,0x2,0x33,0x27,0x4d,0x0,0x2d,0x2b,0x50,0x0,0x70,0x27,0x70,0xb,0x80,
  0x44,0x60,0x5,0xdc,0x1f,0x2b,0x4d,0x0,0x30,0x27,0xf0,0x0,0x9c,0xd7,0x79,0x4,0x31,0x2b,0x48,0x0,0x14,0x3a,0x1e,0x52,
  0x65,0x13,0xb8,0x18,0x78,0xc4,0xbc,0xca,0x2,0x72,0x72,0x65,0x63,0x74,0x25,0xf1,0xcd,0x20,0x8c,0x3,0x68,0xc7,0x15,0x8,
  0x20,0x4,0x3a,0x20,0x4d,0x6f,0x64,0x69,0x66,0x94,0xce,0x2,0x20,0x61,0x62,0x6f,0x76,0x12,0xc7,0xe4,0x6d,0x70,0x75,0x1d,
  0x8a,0xab,0x73,0x6f,0x14,0x41,0x20,0x74,0x12,0x1b,0xe4,0x69,0x73,0x20,0x12,0x30,0x20,0x22,0xc6,0xd1,0x65,0x64,0x6c,
  0x8,0xf4,0x9f,0x12,0x48,0x54,0xa4,0x55,0x23,0xed,0x65,0x9,0x68,0x13,0x23,0x60,0x79,0x60,0x1,0x2a,0x8c,0xe,0xc0,0x49,
  0xb0,0x83,0x72,0x3,0x35,0x5d,0xc8,0x2,0xac,0x7d,0x69,0x2,0x37,0xe8,0x2,0xb8,0x95,0x68,0x2,0x13,0x38,0xf5,0x60,0x1,
  0x2a,0xcc,0x10,0xc0,0x7,0xa4,0xa8,0x71,0x3,0x36,0x60,0x7,0x14,0xf4,0x55,0x94,0xca,0x2e,0x18,0x17,0x23,0xff,0x83,0x70,
  0x6f,0x73,0x25,0xec,0xb3,0xf0,0x17,0x24,0xa8,0xed,0x23,0xd4,0xdf,0x22,0x6c,0x7b,0x12,0x38,0xf4,0x74,0xce,0x32,0x44,
  0x6c,0x24,0xc8,0xf1,0x12,0x50,0xb3,0x2c,0x90,0xd6,0x27,0xac,0x0,0x12,0x3a,0x5a,0x30,0x3b,0x13,0x2d,0x5a,0x69,0x17,
  0x20,0x5a,0x25,0x3c,0x7a,0xfc,0xd,0xb0,0x25,0x29,0xd4,0x1,0x7c,0x9,0x1,0x20,0x2a,0x20,0x69,0x1b,0xf0,0x3b,0x66,0x50,
  0x9,0x9,0x36,0x77,0x0,0x20,0x3d,0x20,0x30,0x6a,0x0,0x6a,0x20,0x22,0x9c,0xc5,0x36,0xe0,0x0,0xb4,0x3,0x60,0x49,0x10,0x5,
  0x5c,0x5a,0x88,0x24,0x0,0x12,0x2f,0x2f,0x20,0x20,0x44,0x2e,0x20,0x4a,0x2e,0x20,0x42,0x65,0x72,0x6e,0x73,0x74,0x65,
  0x69,0x6e,0x27,0x73,0x20,0x46,0x61,0x73,0x74,0x20,0x46,0x6f,0x75,0x72,0x69,0x65,0x72,0x20,0x54,0x1e,0x60,0x4f,0x7,
  0x20,0x61,0x6c,0x67,0x6f,0x72,0x69,0x74,0x68,0x6d,0x12,0x13,0x28,0x34,0x20,0x65,0x1c,0x28,0xb4,0x12,0xdc,0x27,0x2e,
  0xa4,0x5,0x2,0x46,0x46,0x54,0x34,0x28,0xfe,0x1d,0x2a,0x61,0x39,0x61,0x1c,0x34,0x33,0x70,0x1c,0x76,0x80,0x61,0x5b,0xcc,
  0x60,0x60,0x1b,0x8d,0x80,0x61,0x12,0x6c,0x1,0x84,0x65,0x2b,0x6,0x10,0x61,0x5b,0x2f,0xfc,0xf,0x27,0xa4,0x0,0x8c,0x7,
  0x75,0x7f,0x61,0x12,0xac,0x1,0xec,0x7,0x98,0x7a,0xbc,0xd0,0x27,0x5c,0x0,0x84,0x5,0x2d,0xe4,0xf,0x27,0x18,0x1,0x74,
  0x27,0x2f,0xdc,0xf,0x27,0xe8,0x0,0x74,0x3,0xb4,0x97,0x7c,0xcc,0x9c,0x16,0x70,0x9a,0x84,0xa,0x74,0xd0,0x98,0x8,0x64,
  0x2,0x60,0xb4,0xa4,0xbb,0x88,0xc0,0x27,0x5c,0x0,0x84,0x5,0xac,0x1e,0xc0,0x84,0x64,0x2,0x27,0x20,0x1,0x7d,0xb,0x32,
  0x79,0x91,0x33,0x78,0x2,0x7e,0xbc,0x3d,0x20,0xb4,0x87,0x88,0x1f,0x84,0xb,0x27,0xa5,0x15,0x34,0x22,0xa0,0x70,0x70,0x1d,
  0x98,0x2,0xe0,0x25,0x80,0x5,0x98,0x1f,0x6c,0xc6,0x6c,0x9,0x13,0x2e,0x20,0x74,0x31,0x98,0x98,0x8c,0x1,0x98,0xd,0x27,
  0x88,0x0,0x84,0xd,0x8c,0xa9,0x98,0x1c,0x70,0x9,0x68,0x2,0x27,0xc8,0x2,0x6d,0x12,0x36,0x7c,0x8,0xe0,0x1f,0x78,0xa1,
  0x8c,0x1,0x27,0xbc,0x0,0x88,0x4,0x22,0x85,0x26,0xd,0x1c,0xf4,0xbd,0x20,0x16,0xa1,0x9,0x38,0x3d,0xa1,0x9,0x38,0x30,
  0xa0,0x9,0x2b,0xec,0x50,0x27,0x9c,0x1f,0x20,0xa,0x1,0x28,0x9,0x32,0xc,0x27,0x32,0xab,0xa,0xd,0xa,0x9,0x23,0xc1,0x23,
  0x61,0x2a,0x89,0x1e,0x74,0xac,0x30,0xf8,0xb5,0x2c,0xb0,0x19,0x27,0x4,0x5,0x2f,0x38,0x5,0x74,0x52,0x7c,0x9,0x72,0x50,
  0x61,0x5b,0xc8,0xe8,0x74,0x4,0x23,0x74,0x28,0x28,0x79,0x6,0x2d,0x25,0xfa,0x27,0x74,0x38,0x70,0xea,0x27,0x5c,0x0,0x64,
  0x5,0x27,0x30,0x0,0x6c,0x2f,0x60,0x56,0x7c,0x9,0x74,0xe4,0x9c,0x9,0x28,0x10,0x7,0x26,0x8,0x20,0x1,0x3d,0x20,0x74,0x34,
  0x70,0x52,0x82,0x37,0x74,0x34,0x7c,0x9,0x24,0x84,0x24,0x27,0x3c,0x3,0x60,0x9,0x78,0x43,0x60,0x9,0x2b,0x74,0xb,0x78,
  0x6,0x64,0x16,0x7f,0x1f,0x2b,0x3d,0x20,0x84,0xf,0x28,0x80,0x1,0x29,0xec,0x1b,0x70,0x4,0x74,0x7,0xb8,0x1a,0x25,0x28,
  0x25,0x71,0x15,0x74,0xbc,0x72,0xe8,0xeb,0x2e,0x58,0x3,0xdc,0x2,0x64,0x5,0x8c,0x26,0xe8,0x53,0xd8,0x1a,0x84,0x14,0xec,
  0x2,0x23,0x68,0x27,0xa5,0x6b,0x33,0x90,0x18,0x8c,0x1,0x90,0x1e,0x27,0x88,0x0,0x23,0x7c,0x30,0x74,0x15,0x70,0x15,0x25,
  0x7c,0x27,0x70,0xb,0xd8,0x10,0xe4,0xf8,0x2e,0xb4,0x6,0xdc,0x2,0x64,0x5,0x84,0x5b,0xfc,0x9,0x2c,0x58,0x3,0x25,0x84,
  0x25,0x75,0x4,0x74,0xb8,0x24,0xc0,0x79,0x78,0x24,0x64,0x16,0x22,0xc0,0x2f,0x98,0x24,0xdc,0x2,0x64,0x5,0x90,0x72,0x6c,
  0x26,0x70,0x2c,0xb0,0x4,0x25,0x60,0x29,0x27,0xa0,0x29,0x28,0x34,0x3,0x68,0x28,0xa5,0x39,0x35,0xac,0xfe,0x64,0x8,0xc4,
  0x4d,0x26,0x14,0x20,0x31,0xec,0x2,0x78,0xb,0x64,0x5,0x8c,0x17,0x70,0x1,0x6c,0xd,0x2f,0xec,0x2,0x70,0x1a,0x74,0x4,0xc4,
  0x4d,0xdc,0xa9,0x32,0xec,0x2,0xe4,0x5,0x8c,0x17,0x70,0x1,0x7c,0x9,0x6c,0x17,0x7c,0x13,0x70,0x9d,0x34,0x40,0x9,0x74,
  0x3,0x7c,0x22,0x62,0x8e,0x20,0x74,0x60,0x4a,0x62,0x22,0x3d,0x20,0x27,0x70,0xe,0x94,0xf,0x29,0x12,0x2e,0x61,0x5b,0xc8,
  0x34,0x98,0x99,0xd4,0x46,0x60,0x12,0x86,0x3b,0x74,0x31,0x94,0x3c,0xbc,0x8,0x29,0xf0,0x2d,0x94,0x6,0xd4,0x1c,0x80,0x44,
  0x8c,0x1,0x2c,0xe0,0x2d,0x9c,0x2,0x64,0x17,0x68,0xe,0x27,0x30,0x0,0x78,0x18,0x29,0x68,0x1,0x9c,0x2,0x70,0x7,0x27,0x90,
  0x0,0x70,0x1,0x70,0x4,0x22,0x84,0x26,0x74,0x19,0x78,0xb5,0x68,0xb1,0xc4,0xb1,0x2a,0xca,0x2d,0x61,0x5b,0xd8,0x41,0x8c,
  0x17,0xec,0x6d,0xe8,0xb1,0x24,0xd0,0x2c,0xbd,0xb7,0x74,0x29,0xb8,0x2d,0x94,0x6,0x7c,0x12,0xf4,0x6,0x8c,0x1,0x2c,0xa8,
  0x2d,0x27,0x44,0xb,0xb8,0x12,0xcc,0x84,0x78,0x12,0x24,0x3c,0x2e,0xc0,0xb6,0xc8,0xe,0x27,0x90,0x0,0xec,0x17,0x7b,0x7c,
  0xd,0xa,0x9,0x95,0xf3,0x61,0x22,0x5c,0x42,0x20,0x5e,0xc0,0x28,0x70,0x86,0xb0,0x14,0x23,0xb0,0x28,0x6c,0x4a,0xb8,0x1,
  0x23,0x4c,0xa3,0x70,0x39,0xb8,0x1,0x23,0x90,0x28,0x7c,0x23,0xb8,0x1,0x23,0x80,0x28,0x64,0x34,0xb8,0x1,0x23,0x70,0x28,
  0x7c,0x5b,0xb8,0x1,0x23,0x74,0x87,0x60,0x25,0xb8,0x1,0x39,0x50,0x28,0xd0,0xbc,0x2,0x61,0x62,0x73,0x73,0x71,0x25,0x68,
  0x3f,0x26,0xcd,0x22,0x63,0x25,0xc8,0x22,0x25,0xf1,0x4f,0x63,0x24,0xe2,0x3d,0x2a,0x20,0xc3,0x1,0x2b,0x20,0x63,0x24,
  0xd8,0x3d,0x64,0x2,0x74,0x2b,0xf8,0xdc,0x2e,0x20,0x24,0x29,0x53,0xab,0x46,0x46,0x54,0x14,0x21,0x57,0x64,0x18,0x2,0x64,
  0x78,0xc8,0x10,0x23,0x80,0xac,0x15,0x1c,0xe6,0x2a,0xc,0x2a,0xd9,0x3,0x67,0x23,0x70,0xe9,0x28,0xf0,0x5a,0x1,0x30,0x30,
  0x30,0x36,0x8c,0x5f,0xf8,0x15,0x9e,0x7,0x5f,0x63,0x2a,0x4,0x1,0xb8,0x9d,0x27,0x60,0x2a,0x22,0xfc,0x47,0x10,0xa,0xe6,
  0xea,0x2b,0x2b,0x10,0x1,0x1c,0x4c,0x27,0x94,0x43,0x94,0x9,0x22,0x4,0xd6,0x17,0xc8,0x1e,0x22,0x84,0x2a,0x15,0x96,0xe2,
  0x5f,0x63,0x2f,0x64,0x0,0x64,0x49,0x23,0x74,0x4c,0x2d,0x80,0x2d,0x9e,0x8,0x5f,0x63,0x98,0x3,0xc6,0x19,0x72,0x30,0xcc,
  0x14,0x64,0xa,0x23,0x74,0x3f,0xe0,0x3,0x10,0x3,0xf8,0xee,0x80,0x3,0x27,0xe8,0x2,0x24,0x45,0x5a,0x20,0x22,0x64,0x91,
  0x2a,0xfe,0x2d,0x2b,0x2b,0x22,0xf8,0x95,0x24,0x6f,0x2d,0x72,0x30,0x5b,0x13,0xe0,0x72,0xc6,0xe,0x5b,0x78,0x24,0xf8,
  0x3e,0x67,0x40,0x9,0x72,0x31,0x2c,0x6c,0x0,0xac,0x8,0x23,0x44,0x48,0x12,0x58,0x9c,0x84,0x3b,0x60,0x5,0x22,0xbc,0x5b,
  0x27,0xa,0x4,0x72,0x30,0x27,0xb8,0x3,0x98,0x17,0x28,0x60,0x0,0x22,0xac,0x4f,0x23,0x3c,0xfe,0x7c,0x20,0x28,0x2c,0x1,
  0x94,0x4,0x27,0xc8,0x2,0x75,0x2d,0x31,0x24,0x0,0xc9,0xa8,0x4,0x78,0x1d,0x68,0xe,0x22,0x70,0xb7,0x28,0xc4,0x5,0x23,
  0x4c,0x49,0xcc,0x16,0x38,0x54,0x5,0x27,0x54,0x1,0x22,0x68,0x9e,0x2e,0x38,0x1,0x12,0x8,0x9,0xac,0x2,0x78,0xb,0x1a,0xe4,
  0x1f,0x23,0x20,0x33,0xfc,0xd,0x22,0xe8,0x92,0x6c,0xe,0x28,0x70,0xf3,0x98,0xd,0x24,0x30,0xe3,0xa0,0x5f,0x81,0x2,0x5f,
  0x12,0x20,0xe7,0x8d,0x18,0x9,0x9c,0x1,0x63,0x4,0x2a,0x3d,0x20,0x28,0xe0,0x9,0xc4,0x24,0x23,0xd0,0x30,0x29,0x90,0xb,
  0xd4,0x37,0x14,0x99,0x52,0x52,0x1a,0x8a,0x36,0x41,0x72,0x1a,0xf8,0x79,0x12,0xe4,0x47,0x26,0x1d,0x69,0x76,0x27,0xe1,
  0x61,0x72,0x60,0x4,0xc4,0x6b,0x22,0x84,0x58,0x3,0x76,0x20,0x3e,0x3d,0x20,0x2d,0x94,0x2,0x22,0x8c,0x58,0x1,0x76,0x20,
  0x3c,0x20,0x90,0x1,0x27,0x58,0x58,0xd9,0x6f,0x30,0xd4,0xf,0x23,0x20,0xaa,0x75,0x4,0x30,0x2e,0x85,0x0,0x76,0x12,0x8,
  0x5c,0x74,0xb,0xe4,0x5,0x2a,0x50,0x9c,0xd7,0x8,0x76,0x20,0x2d,0xb8,0xb,0xcc,0x4,0x8c,0x19,0x26,0xcc,0x76,0x1,0x4d,
  0x61,0x6b,0x65,0x1a,0xc0,0x39,0x1a,0xb0,0xae,0x23,0x30,0xbb,0x12,0x8e,0xcc,0x44,0x79,0x22,0x4c,0x9a,0x3b,0x70,0x8b,
  0x36,0xdc,0x0,0x22,0xc8,0x77,0x20,0x2,0xa0,0x8b,0x36,0xf8,0x0,0x2d,0xd9,0x77,0x2e,0x23,0xa4,0x9a,0x36,0xb2,0x0,0x6f,
  0x66,0x1b,0x98,0x33,0x39,0x78,0x0,0x7b,0x40,0x20,0x2a,0x20,0x36,0x84,0x0,0x25,0xf0,0x78,0x36,0x7b,0x0,0x6f,0x66,0x66,
  0x1a,0xa4,0xe,0x20,0x1f,0x0,0x1,0x22,0x8c,0x75,0x36,0x88,0x1,0x20,0x4,0x4,0x2,0x22,0x90,0x7a,0x20,0x1c,0x0,0x1,0x22,
  0xac,0x76,0x20,0x1c,0x0,0x1,0x22,0xb8,0x7b,0x20,0x1c,0x1,0x1,0x37,0x20,0x1f,0x10,0x5,0x22,0xe0,0x7c,0x20,0x1c,0x4,0x2,
  0x22,0xec,0x78,0x20,0x1c,0x0,0x1,0x23,0x8,0x7e,0x20,0x1d,0x4,0x1,0x22,0x9c,0x7e,0x20,0x1d,0x4,0x1,0x22,0x9c,0x83,0x20,
  0x1d,0x4,0x1,0x20,0x20,0x34,0xa,0x23,0x58,0x80,0x20,0x1d,0xc,0x2,0x20,0x20,0x3c,0xa,0x0,0x1e,0x31,0x36,0x20,0x2a,0x20,
  0x4d,0x61,0x6b,0x65,0x48,0x69,0x67,0x68,0x46,0x72,0x65,0x71,0x43,0x6f,0x6c,0x6f,0x72,0x44,0x69,0x66,0x66,0x44,0x79,
  0x5f,0x69,0x6e,0x63,0x2c,0xd,0xa,0x9,0x4d,0x61,0x6b,0x65,0x48,0x69,0x67,0x68,0x46,0x72,0x65,0x71,0x2a,0x78,0x0,0x8,
  0x6f,0x66,0x66,0x20,0x2b,0x20,0x31,0x37,0x20,0x2a,0x20,0x36,0x88,0x0,0x20,0x5,0x5,0x1,0x38,0x20,0x20,0x5,0x1,0x39,
  0x3f,0x4,0x1,0x0,0x16,0x7d,0x3b,0xd,0xa,0xd,0xa,0x5f,0x5f,0x63,0x6f,0x6e,0x73,0x74,0x61,0x6e,0x74,0x20,0x64,0x6f,0x75,
  0x62,0x6c,0x65,0x20,0x63,0x73,0x66,0x38,0x78,0x38,0x5b,0x6b,0x42,0x6c,0x6f,0x63,0x6b,0x48,0x61,0x6c,0x68,0x1a,0xb0,
  0x1,0x2,0x45,0x64,0x67,0x65,0x48,0xa0,0x2,0x0,0x4,0x31,0x5d,0x20,0x3d,0x20,0x7b,0xd,0xa,0x9,0x35,0x2e,0x32,0x38,0x32,
  0x37,0x30,0x36,0x37,0x30,0x35,0x32,0x34,0x6f,0x23,0x30,0x2e,0x30,0x32,0x18,0x0,0x7,0x33,0x38,0x33,0x31,0x31,0x33,0x34,
  0x39,0x37,0x33,0xb4,0x3,0x9,0x36,0x37,0x36,0x33,0x30,0x33,0x36,0x30,0x33,0x38,0x35,0x39,0x64,0x2,0x8,0x33,0x2e,0x35,
  0x38,0x39,0x32,0x37,0x37,0x39,0x32,0x34,0xbc,0x8,0xa,0x31,0x38,0x2e,0x36,0x31,0x30,0x34,0x33,0x36,0x37,0x30,0x30,0x32,
  0x64,0x4,0x2f,0x40,0x0,0xa,0x33,0x2e,0x30,0x39,0x30,0x39,0x33,0x31,0x33,0x31,0x39,0x34,0x38,0x84,0x4,0xe8,0xf,0x9,
  0x34,0x39,0x38,0x32,0x35,0x30,0x38,0x37,0x35,0x39,0x36,0x35,0x60,0x3,0x8,0x30,0x2e,0x33,0x36,0x31,0x39,0x38,0x36,0x37,
  0x31,0x31,0xac,0x9,0xa,0x30,0x2e,0x33,0x30,0x38,0x39,0x38,0x32,0x31,0x36,0x39,0x38,0x38,0xc4,0x12,0x9,0x31,0x33,0x31,
  0x32,0x37,0x30,0x31,0x39,0x32,0x30,0x34,0x33,0x94,0x6,0x9,0x32,0x2e,0x33,0x37,0x33,0x37,0x30,0x35,0x34,0x39,0x36,0x32,
  0x35,0x8c,0x2,0xa0,0xe,0x2f,0xa0,0x0,0xa,0x30,0x2e,0x39,0x39,0x31,0x32,0x30,0x35,0x37,0x32,0x34,0x31,0x35,0xb0,0x17,
  0x8,0x2e,0x30,0x35,0x31,0x37,0x38,0x38,0x30,0x32,0x39,0x31,0x8c,0x9,0xa,0x30,0x2e,0x36,0x32,0x37,0x32,0x36,0x34,0x31,
  0x36,0x38,0x36,0x32,0x96,0x17,0x30,0x2e,0xdc,0x27,0x2f,0x22,0x2,0x30,0x2e,0x2e,0xb6,0x4,0x30,0x2e,0x30,0x88,0x3,0x2e,
  0xca,0x1,0x30,0x2e,0x96,0x18,0x30,0x2e,0x2e,0xe8,0x5,0x8,0x33,0x34,0x39,0x36,0x38,0x36,0x34,0x35,0x30,0x35,0x31,0xc0,
  0xf,0x30,0x28,0x2,0x30,0x78,0x4,0x2f,0x14,0x1,0x2c,0x45,0x5,0x31,0x30,0x80,0x3,0x2e,0xc5,0x0,0x31,0x64,0x21,0xb4,0x4e,
  0x0,0x4f,0x2f,0x2f,0x20,0x43,0x6f,0x6d,0x70,0x75,0x74,0x65,0x73,0x20,0x38,0x78,0x38,0x20,0x46,0x46,0x54,0x20,0x6f,
  0x66,0x20,0x65,0x61,0x63,0x68,0x20,0x63,0x68,0x61,0x6e,0x6e,0x65,0x6c,0x20,0x6f,0x66,0x20,0x78,0x79,0x62,0x30,0x20,
  0x61,0x6e,0x64,0x20,0x78,0x79,0x62,0x31,0x20,0x61,0x6e,0x64,0x20,0x61,0x64,0x64,0x73,0x20,0x74,0x68,0x65,0x20,0x74,
  0x6f,0x74,0x61,0x6c,0x20,0x73,0x71,0x75,0x61,0x72,0x65,0x64,0xd,0xa,0x2f,0x2f,0x20,0x33,0x2d,0x64,0x69,0x6d,0x65,0x6e,
  0x73,0x69,0x6f,0x6e,0x61,0x6c,0x68,0x7,0x1,0x64,0x69,0x66,0x66,0x74,0xa,0x98,0x5,0xa,0x77,0x6f,0x20,0x62,0x6c,0x6f,
  0x63,0x6b,0x73,0x20,0x74,0x6f,0x20,0x64,0x3,0x9,0x5f,0x78,0x79,0x62,0x5f,0x7b,0x64,0x63,0x2c,0x61,0x63,0x7d,0x88,0xb,
  0x78,0x4,0x4,0x61,0x76,0x65,0x72,0x61,0x67,0x65,0x9c,0x9,0x70,0x4,0x1,0x20,0x6f,0x6e,0x20,0x7c,0x2,0x1,0x65,0x64,0x67,
  0x65,0x2c,0xe4,0x0,0x64,0x2,0x1,0x5f,0x64,0x63,0x2e,0x64,0x68,0x0,0x7,0x64,0x65,0x76,0x69,0x63,0x65,0x5f,0x5f,0x20,
  0x76,0x6f,0x69,0x64,0x20,0x42,0x75,0x74,0x74,0x65,0x72,0x61,0x75,0x67,0x6c,0x69,0x88,0x68,0x68,0x87,0x7,0x28,0x5f,
  0x5f,0x70,0x72,0x69,0x76,0x61,0x74,0x65,0xf4,0x6c,0x6,0x78,0x79,0x62,0x30,0x5b,0x33,0x20,0x2a,0x20,0xa8,0x6b,0x2,0x53,
  0x69,0x7a,0x65,0x5d,0x69,0x55,0x9,0xc1,0x0,0x20,0x32,0xc5,0x0,0x31,0x3b,0xc4,0x0,0xdc,0x77,0x7c,0x16,0x90,0x1b,0x1,
  0x64,0x63,0x5b,0x33,0x2c,0x4c,0x1,0x2e,0x85,0x0,0x61,0x3f,0x84,0x0,0xd8,0x1c,0x4,0x5b,0x33,0x5d,0x29,0xd,0xa,0x7b,
  0x61,0x86,0x9,0xd3,0x8,0x61,0x76,0x67,0xe6,0xd,0x5b,0x33,0x97,0x81,0x30,0x2e,0x30,0x74,0x3b,0x2e,0x80,0x0,0x68,0x8,
  0x2,0x5b,0x33,0x5d,0x5b,0x34,0x91,0x4,0x7b,0x74,0x4,0x78,0x4,0x0,0x5,0xd,0xa,0x9,0x66,0x6f,0x72,0x20,0x28,0x69,0x6e,
  0x74,0x20,0x69,0x20,0x3d,0x20,0x30,0x3b,0x20,0x69,0x20,0x3c,0x20,0x2c,0x48,0x4,0x6,0x3b,0x20,0x2b,0x2b,0x69,0x29,0xd,
  0xa,0x9,0x69,0x8d,0x9,0x84,0x95,0xe0,0x28,0xf2,0xf,0x20,0x3d,0x6c,0x3d,0x3,0x30,0x5b,0x69,0x5d,0x20,0x2d,0x64,0x1,0x5,
  0x31,0x5b,0x69,0x5d,0x3b,0xd,0xa,0x9,0xd4,0x5,0x78,0xb,0x4,0x63,0x20,0x3d,0x20,0x69,0x20,0x2f,0x29,0xa8,0x5,0x80,0x4,
  0x2a,0x4,0x3,0x2,0x63,0x5d,0x20,0x2b,0x3d,0x27,0x5c,0x8,0x30,0xac,0x0,0xa8,0xf,0x71,0x9,0x6b,0x91,0x9,0x25,0x2e,0x30,
  0x1,0x29,0x80,0x0,0x3,0x78,0x20,0x3d,0x20,0x6b,0x20,0xe4,0x4,0x70,0xa6,0x98,0xd,0x29,0x85,0x0,0x79,0x84,0x4,0xe0,0x12,
  0x31,0x86,0x0,0x68,0x5f,0x77,0x26,0x5f,0x69,0x64,0x8c,0x9,0xb,0x79,0x20,0x3d,0x3d,0x20,0x30,0x20,0x3f,0x20,0x31,0x20,
  0x3a,0x20,0x6b,0x94,0x1,0x2,0x37,0x20,0x3f,0x20,0x33,0x74,0x1c,0xd8,0x45,0x78,0x0,0x2,0x20,0x3a,0x20,0x2d,0x31,0x2d,
  0xa9,0x1,0x76,0x2b,0x21,0x1,0x78,0xe1,0x9,0x30,0x60,0x9,0x94,0x1,0x61,0x9,0x32,0x37,0x20,0x1,0x1,0x69,0x66,0x20,0x28,
  0x29,0x2c,0x2,0x1,0x3e,0x3d,0x20,0x30,0x74,0x31,0xb9,0x31,0x9,0xe0,0x28,0x6c,0x15,0x1,0x5b,0x63,0x5d,0x5b,0x28,0xa4,
  0x0,0x34,0x34,0x5,0x27,0xa1,0x3,0x7d,0x60,0xe,0x6c,0xb,0x29,0x78,0x2,0x3d,0x6c,0x1,0x28,0xa4,0x0,0x20,0x2,0x6c,0x1,
  0x7f,0xb,0x58,0x79,0x62,0x67,0x6f,0x4c,0x6f,0x77,0x75,0xf4,0x53,0xa0,0x85,0x8,0x41,0x63,0x63,0x75,0x6d,0x75,0x6c,0x61,
  0x74,0x65,0x28,0xf0,0x17,0x2,0x78,0x79,0x62,0x5b,0x30,0x2b,0x98,0xc,0x2a,0x65,0x0,0x31,0x37,0x65,0x0,0x32,0x2b,0x67,
  0x0,0x30,0x2c,0x20,0xa8,0x0,0xd4,0xe7,0x2c,0x44,0x1,0xec,0x55,0x1,0x5f,0x64,0x63,0x29,0x60,0x34,0x32,0xe1,0xb,0x34,
  0x2c,0xac,0xb,0x20,0x7,0xf8,0x2,0x8c,0x2f,0x1,0x30,0x5d,0x5b,0x69,0x2b,0x38,0x2,0x2c,0x69,0x6,0x31,0x3c,0x79,0x0,0x32,
  0x2f,0x78,0x0,0xaa,0x19,0x30,0x2c,0x26,0x2c,0x20,0x2c,0x35,0x3,0x9,0x27,0x38,0x3,0x70,0xf,0xed,0x1a,0x7d,0x90,0x83,
  0x2f,0xd5,0x12,0x2a,0x7b,0xac,0x61,0x76,0x67,0xd8,0x74,0x74,0x1f,0x34,0x8c,0x0,0x1,0x68,0x61,0x6c,0x66,0x60,0xb,0xa0,
  0x5,0x9c,0x58,0x32,0x98,0x4,0x3a,0x7c,0x10,0x28,0x64,0x12,0x1,0x20,0x3d,0x20,0x28,0x84,0xac,0x1,0x69,0x5d,0x20,0x2b,
  0xf4,0x82,0x2,0x29,0x20,0x2f,0x20,0x32,0x60,0x10,0xe4,0x94,0x29,0xc8,0x1,0x27,0xb4,0x0,0x27,0xc,0x11,0x28,0xb4,0x0,
  0xc4,0x18,0x64,0x8c,0x2,0x3d,0x20,0x61,0x76,0x67,0x88,0x8,0x70,0x2,0xfc,0x7,0xa4,0x3,0xf4,0x1,0x78,0x3,0x60,0x50,0x30,
  0x9a,0x3,0x79,0x5f,0xa1,0x21,0x26,0x73,0x7,0x61,0x76,0x67,0x25,0x8c,0x25,0x8c,0xbf,0x74,0x6,0x30,0xc6,0x0,0x78,0x5f,
  0xf6,0xa,0x5f,0x73,0xa7,0x58,0x20,0x3d,0x20,0x98,0x7,0xfe,0x2,0x5b,0x30,0x94,0x9d,0x30,0xe9,0x0,0x79,0x27,0xe8,0x0,
  0x2f,0xc8,0x0,0x29,0xc8,0x19,0x34,0xd9,0x1,0x7a,0x27,0xec,0x0,0x37,0xd9,0x1,0x32,0x2c,0xe8,0x1a,0x7c,0x8,0x29,0xe3,
  0x1b,0x46,0x46,0x54,0xc5,0x6e,0x28,0x90,0x1e,0x94,0x5e,0x34,0x7c,0x0,0x30,0x88,0x3,0x39,0xb0,0x0,0x28,0x50,0x3,0x39,
  0x90,0x0,0x30,0xf4,0x2,0x73,0x5,0xd,0xa,0x9,0xa4,0xb0,0xd4,0x44,0x8,0x78,0x6d,0x75,0x6c,0x20,0x3d,0x20,0x36,0x34,0x2e,
  0x38,0x70,0x17,0x2b,0x6d,0x0,0x79,0xac,0x3,0xe,0x31,0x2e,0x37,0x35,0x33,0x31,0x32,0x33,0x39,0x30,0x38,0x33,0x34,0x38,
  0x33,0x32,0x39,0x33,0xa0,0x0,0xd,0x32,0x20,0x3d,0x20,0x31,0x2e,0x35,0x31,0x39,0x38,0x33,0x34,0x35,0x38,0x32,0x36,0x30,
  0x95,0x0,0x7a,0xbb,0x9,0x32,0x2e,0x34,0x23,0xc8,0x2d,0xbc,0xde,0x2,0x73,0x69,0x7a,0x65,0x5f,0xa8,0xdf,0xbc,0x31,0x74,
  0xa3,0x22,0x74,0x2d,0xbc,0xe0,0xac,0x2,0x7e,0x1,0x20,0x2b,0xcc,0xcd,0xe0,0x4,0x22,0x88,0x31,0x2c,0xb0,0x10,0xcb,0x1a,
  0x64,0x20,0x3d,0xe4,0x76,0xcc,0xe0,0x60,0x6a,0x23,0x2c,0x20,0x1,0x61,0x63,0x5b,0x30,0xa3,0xa7,0x20,0x2a,0x20,0x8a,
  0x1f,0x2a,0x20,0x30,0xe4,0x5,0xe8,0xe7,0x2a,0xd9,0x0,0x32,0x27,0xd8,0x0,0x9a,0x18,0x2a,0x20,0x30,0x78,0x5,0xb8,0x6,
  0x6c,0xba,0x90,0x3d,0xb8,0x61,0x1,0x73,0x71,0x72,0x74,0xb3,0x3f,0x5b,0x69,0x5d,0x62,0x30,0x9,0x9,0x28,0xf4,0x6,0x2b,
  0x88,0x0,0x27,0x28,0xb,0xfc,0x4,0xd8,0x19,0x2,0x79,0x30,0x20,0x3d,0x20,0x27,0x46,0x1,0x2d,0x20,0x2b,0xf8,0x0,0x68,
  0x31,0xfe,0x78,0x79,0x31,0x2a,0xa1,0x0,0x2b,0x31,0xa0,0x0,0x6,0x2f,0x2f,0x20,0x52,0x65,0x6d,0x6f,0x76,0x65,0x23,0x34,
  0x27,0x3,0x69,0x6d,0x70,0x61,0x63,0x74,0x22,0x68,0x28,0x0,0x4,0x73,0x6d,0x61,0x6c,0x6c,0x20,0x61,0x62,0x73,0x6f,0x6c,
  0x75,0x74,0x65,0x20,0x76,0x61,0x6c,0x75,0x65,0x73,0x2e,0x64,0x19,0xb,0x2f,0x2f,0x20,0x54,0x68,0x69,0x73,0x20,0x69,
  0x6d,0x70,0x72,0x6f,0x76,0x22,0xf0,0x27,0x0,0x9,0x68,0x65,0x20,0x62,0x65,0x68,0x61,0x76,0x69,0x6f,0x72,0x20,0x77,0x69,
  0x74,0x68,0x20,0x66,0x6c,0x61,0x74,0x20,0x6e,0x6f,0x69,0x73,0x65,0x84,0x6,0x2c,0x4,0x9,0x2,0x6c,0x69,0x6d,0x69,0x74,
  0x22,0x5a,0x23,0x2e,0x30,0x76,0x3e,0x9,0x9,0x94,0x19,0xb0,0x10,0x0,0x3,0x52,0x61,0x6e,0x67,0x65,0x41,0x72,0x6f,0x75,
  0x6e,0x64,0x5a,0x65,0x72,0x6f,0x28,0x79,0x30,0x2c,0x20,0x79,0x80,0x6,0xdc,0x24,0x7c,0x19,0x35,0xa9,0x0,0x31,0x2c,0xa8,
  0x0,0x70,0xe8,0x5,0x79,0x30,0x20,0x21,0x3d,0x20,0x79,0x31,0x29,0x64,0x1e,0xc7,0x28,0x76,0x61,0x6c,0x98,0xe,0x4,0x49,
  0x6e,0x74,0x65,0x72,0x70,0x6f,0x9d,0xde,0x26,0x36,0x67,0x3a,0x6c,0x75,0x74,0x62,0xe1,0x20,0x32,0x68,0xc,0x1,0x30,0x20,
  0x2a,0x20,0x75,0x60,0x32,0xa4,0x12,0xe4,0x2d,0x60,0xa,0x70,0x13,0x20,0x11,0x41,0x1,0x31,0x38,0x40,0x1,0x70,0x37,0x67,
  0x64,0x2a,0x20,0x28,0x7f,0xb,0x30,0x20,0x2d,0x62,0x31,0x79,0x31,0xeb,0xf,0x69,0x66,0x66,0xed,0x58,0x31,0x27,0x30,0xa,
  0x66,0x5,0x20,0x2a,0x80,0x5,0x88,0x41,0x67,0xae,0x7d,0xd,0xa,0x94,0xd0,0x29,0x4c,0x3b,0x0,0x3,0x73,0x74,0x61,0x74,
  0x69,0x63,0x20,0x66,0x6c,0x6f,0x61,0x74,0x20,0x67,0x5f,0x6d,0x69,0x78,0x5b,0x31,0x32,0x23,0x20,0x2a,0xd,0xd,0xa,0x9,
  0x30,0x2e,0x33,0x34,0x38,0x30,0x33,0x36,0x37,0x34,0x36,0x30,0x30,0x25,0x14,0x38,0x9,0x35,0x37,0x37,0x38,0x31,0x34,
  0x38,0x34,0x33,0x31,0x33,0x37,0x22,0x3c,0x2e,0xa,0x30,0x2e,0x30,0x35,0x34,0x34,0x35,0x35,0x36,0x30,0x39,0x33,0x37,
  0x24,0x5c,0x38,0xa,0x30,0x2e,0x37,0x37,0x34,0x31,0x34,0x35,0x35,0x38,0x31,0x37,0x31,0xd8,0x6,0x7,0x32,0x36,0x39,0x32,
  0x32,0x37,0x31,0x37,0x32,0x37,0x25,0xd0,0x35,0x9,0x37,0x36,0x37,0x32,0x34,0x37,0x37,0x33,0x33,0x39,0x33,0x38,0xde,0x8,
  0x33,0x36,0x93,0x4,0x30,0x38,0x35,0x24,0x4c,0x38,0xa,0x30,0x2e,0x39,0x32,0x30,0x31,0x33,0x30,0x32,0x36,0x35,0x30,0x31,
  0x25,0xec,0x37,0xa,0x30,0x38,0x38,0x32,0x30,0x36,0x32,0x38,0x38,0x33,0x35,0x33,0x36,0xbf,0x6,0x31,0x35,0x38,0x86,0xd,
  0x34,0x36,0x26,0xec,0x3c,0x8,0x37,0x31,0x32,0x38,0x35,0x37,0x39,0x34,0x33,0x38,0x35,0x8c,0xb,0x8,0x31,0x30,0x2e,0x36,
  0x35,0x32,0x34,0x30,0x36,0x39,0x32,0x23,0x20,0x3c,0x24,0x7a,0x2d,0x5f,0x5f,0x2c,0x5c,0x32,0xd,0x4f,0x70,0x73,0x69,
  0x6e,0x41,0x62,0x73,0x6f,0x72,0x62,0x61,0x6e,0x63,0x65,0x28,0x2b,0xbe,0xa,0x69,0x6e,0x22,0xac,0x30,0x26,0x6f,0x2d,
  0x6f,0x75,0x74,0x27,0xc5,0x2f,0x9,0x71,0x1,0x30,0x68,0x26,0xb8,0x27,0x4,0x30,0x5d,0x20,0x2a,0x20,0x69,0x6e,0x98,0x89,
  0xe4,0x2a,0xc8,0x2,0x74,0x33,0xc9,0x2,0x32,0xc8,0x2,0x74,0x87,0xc9,0x2,0x33,0x80,0xd5,0x74,0x9,0x23,0xf0,0x40,0xb5,
  0x9,0x34,0xdc,0x4,0x70,0x93,0xdd,0x4,0x35,0xc8,0x2,0x29,0x35,0x1,0x36,0xc8,0x2,0x29,0x35,0x1,0x37,0x27,0x34,0x1,0x98,
  0x39,0xb5,0x9,0x38,0xdc,0x4,0x29,0x35,0x1,0x39,0xc8,0x2,0x29,0x35,0x1,0x31,0xe8,0x18,0x29,0x3a,0x1,0x31,0x31,0x7c,0x9,
  0xd4,0x47,0x27,0xdc,0x4,0xd9,0x68,0x45,0x7c,0x82,0xa,0x61,0x74,0x65,0x50,0x6f,0x6c,0x79,0x6e,0x6f,0x6d,0x69,0x61,0x6c,
  0x2c,0xf3,0x4,0x78,0x2c,0x20,0x28,0xc8,0x9,0x1,0x5f,0x65,0x78,0x20,0x2b,0x68,0x5,0xc,0x2a,0x63,0x6f,0x65,0x66,0x66,
  0x69,0x63,0x69,0x65,0x6e,0x74,0x73,0x2c,0x20,0x22,0xe,0x31,0x6e,0x29,0x23,0x30,0x35,0xf5,0x6a,0x62,0x68,0x6a,0x1,0x30,
  0x2e,0x30,0x66,0x64,0x59,0xcd,0xe,0x62,0x78,0xca,0xcc,0x2,0x2e,0xa8,0x34,0x2,0x6e,0x20,0x2d,0x20,0x31,0x78,0xc4,0x22,
  0xcc,0x2c,0x2,0x3b,0x20,0x69,0x2d,0x2d,0x68,0x7f,0x23,0x88,0x34,0x7d,0x81,0x69,0x23,0x94,0x2f,0x68,0x2,0x25,0x9c,0x2e,
  0x2b,0x3a,0x2,0x78,0x5f,0x98,0xd,0x2,0x78,0x20,0x2a,0x20,0x62,0x23,0x96,0x25,0x9,0x9,0xa0,0x2,0x7c,0x2,0x4,0x2d,0x20,
  0x62,0x32,0x20,0x2b,0x20,0x2a,0xc4,0x2,0x25,0x80,0x21,0x4,0x9,0x9,0x62,0x72,0x65,0x61,0x6b,0x65,0x14,0x9,0x6c,0x6d,
  0x2d,0x30,0x1d,0x72,0x7,0x3d,0x20,0x29,0x50,0x1,0x2b,0xcc,0x1,0x61,0xa1,0x28,0x82,0xf,0x2b,0x20,0x7a,0x0,0x29,0x20,
  0x32,0xa0,0x1,0xcc,0xd6,0x84,0x1f,0xc8,0x13,0x85,0x13,0x74,0x70,0xe,0x88,0x33,0x4,0x9,0x72,0x65,0x74,0x75,0x72,0x6e,
  0xa0,0x17,0x84,0x2,0xdc,0x7b,0x28,0xf8,0x5,0xe8,0x58,0x8,0x67,0x5f,0x67,0x61,0x6d,0x6d,0x61,0x5f,0x70,0x5b,0x35,0x7c,
  0xe5,0x7c,0x57,0x60,0x24,0xf,0x38,0x38,0x31,0x2e,0x39,0x37,0x39,0x34,0x37,0x36,0x35,0x35,0x36,0x34,0x37,0x38,0x32,
  0x38,0x23,0x34,0x46,0x0,0x1,0x31,0x34,0x39,0x36,0x2e,0x30,0x35,0x38,0x34,0x35,0x32,0x30,0x31,0x35,0x38,0x31,0x32,0x34,
  0x36,0x80,0x7b,0x0,0x1,0x39,0x30,0x38,0x2e,0x36,0x36,0x32,0x32,0x31,0x32,0x37,0x33,0x39,0x36,0x35,0x39,0x34,0x38,0x31,
  0x70,0x72,0xf,0x33,0x37,0x33,0x2e,0x35,0x36,0x36,0x31,0x30,0x30,0x32,0x32,0x33,0x32,0x38,0x37,0x33,0x37,0x9c,0x70,0xe,
  0x38,0x35,0x2e,0x38,0x34,0x30,0x38,0x36,0x30,0x33,0x33,0x36,0x33,0x31,0x34,0x33,0x36,0x90,0x7a,0xd,0x36,0x2e,0x36,
  0x38,0x33,0x32,0x35,0x38,0x38,0x36,0x31,0x35,0x30,0x39,0x32,0x34,0x70,0x2,0xa4,0x74,0x3f,0xf1,0x2,0x71,0x2c,0xf0,0x2,
  0xe,0x31,0x32,0x2e,0x32,0x36,0x32,0x33,0x35,0x30,0x33,0x34,0x38,0x36,0x31,0x36,0x37,0x39,0x22,0x40,0x45,0x4,0x9,0x32,
  0x30,0x2e,0x35,0x35,0x37,0x84,0x82,0x3,0x37,0x36,0x38,0x33,0x35,0x37,0x9c,0x86,0xd,0x31,0x32,0x2e,0x31,0x36,0x31,0x34,
  0x36,0x33,0x32,0x33,0x38,0x33,0x36,0x37,0x38,0x98,0xe,0x9,0x9,0x34,0x2e,0x37,0x31,0x31,0x35,0x33,0x32,0x37,0x33,0x33,
  0x22,0xe9,0x49,0x33,0x90,0x1f,0xd,0x30,0x2e,0x38,0x39,0x39,0x31,0x31,0x32,0x38,0x38,0x39,0x37,0x35,0x31,0x30,0x35,
  0x84,0x1f,0xd,0x30,0x2e,0x30,0x33,0x35,0x36,0x36,0x32,0x33,0x32,0x39,0x36,0x31,0x37,0x31,0x39,0x7c,0x1e,0xb4,0x16,
  0x29,0x5c,0x11,0xcd,0x55,0x47,0x65,0x2d,0x28,0xd1,0x1,0x76,0xcc,0x5b,0x2b,0x0,0x8,0x1,0x6d,0x69,0x6e,0x5f,0x71,0x68,
  0x65,0x87,0xe2,0x37,0x37,0x30,0x2a,0x0,0x0,0x78,0x3b,0x2c,0xb6,0x0,0x61,0x78,0x27,0xb4,0x0,0x4,0x32,0x37,0x34,0x2e,
  0x35,0x37,0x39,0x28,0x1,0x0,0x38,0x98,0xe9,0x2b,0xbe,0x0,0x78,0x30,0x60,0x68,0x2,0x28,0x76,0x20,0x2d,0x20,0x27,0xa0,
  0x1,0x22,0xfa,0x2e,0x28,0x6d,0x27,0x20,0x1,0x2a,0x64,0x0,0x2f,0xbd,0x1,0x78,0x22,0x82,0x40,0x32,0x2e,0x6c,0xde,0x6b,
  0x9,0x2d,0x20,0x31,0xac,0x71,0x2e,0xc8,0x28,0x2,0x79,0x70,0x20,0x3d,0x20,0x31,0x30,0x10,0x1,0x78,0x63,0x2c,0x20,0x27,
  0xbf,0x9,0x2c,0x20,0x36,0x80,0xd7,0x2b,0x86,0x2,0x79,0x71,0x20,0x1,0xe5,0x0,0x71,0xe4,0x7,0x6c,0x78,0x60,0x6,0x1,0x3d,
  0x20,0x30,0x2e,0x24,0xb8,0x3d,0xd8,0x5e,0xd8,0x81,0xf5,0x60,0x28,0x94,0xda,0x6,0x29,0x28,0x79,0x70,0x20,0x2f,0x20,
  0x79,0x71,0x74,0xe,0x8c,0x62,0x29,0x80,0x6,0x23,0x40,0x4a,0x5,0x52,0x67,0x62,0x54,0x6f,0x58,0x79,0x62,0xe6,0x34,0x72,
  0x2c,0x27,0x90,0xc,0x27,0x25,0x0,0x62,0x27,0x24,0x0,0x2,0x2a,0x76,0x61,0x6c,0x78,0x2b,0x35,0x0,0x79,0x2b,0x35,0x0,
  0x7a,0x32,0x7d,0x7,0x61,0x22,0xa8,0x26,0x9,0x31,0x2e,0x30,0x31,0x36,0x31,0x31,0x37,0x32,0x36,0x39,0x34,0x30,0x4d,0x2d,
  0x61,0x6c,0x34,0xb,0x30,0x2e,0x39,0x38,0x32,0x34,0x38,0x32,0x32,0x34,0x33,0x36,0x39,0x36,0x2f,0x21,0x6,0x61,0x70,0x9e,
  0xa,0x31,0x2e,0x34,0x33,0x35,0x37,0x31,0x33,0x36,0x32,0x36,0x32,0x37,0x30,0x89,0x0,0x33,0x88,0x48,0x8,0x38,0x39,0x36,
  0x30,0x33,0x39,0x38,0x34,0x39,0x34,0x31,0x23,0x48,0x37,0x94,0x16,0x1,0x20,0x3d,0x20,0x61,0x70,0x38,0x2,0x72,0x20,0x2d,
  0x20,0x61,0x22,0xc1,0x21,0x67,0x78,0x7,0x68,0x3,0x22,0xc1,0x45,0x61,0x22,0xc8,0x32,0x2,0x72,0x20,0x2b,0x20,0x61,0x22,
  0xc,0x39,0x27,0x68,0x0,0x3,0x7a,0x20,0x3d,0x20,0x62,0x3b,0x27,0xe4,0x20,0x27,0xec,0x17,0x7c,0xb4,0x0,0x1,0x6c,0x69,
  0x73,0x74,0x5f,0x70,0x75,0x73,0x68,0x5f,0x62,0x61,0x63,0x6b,0x28,0x49,0x6e,0x74,0x46,0x22,0x20,0x21,0x7,0x50,0x61,
  0x69,0x72,0x4c,0x69,0x73,0x74,0x20,0x2a,0x60,0x4,0xaa,0xba,0x69,0x2c,0x25,0x91,0x21,0x66,0xdc,0x23,0x68,0x3,0x5,0x2d,
  0x3e,0x70,0x44,0x61,0x74,0x61,0x5b,0xac,0x1,0x22,0xc6,0x2f,0x5d,0x2e,0x24,0x4d,0x47,0x69,0x64,0x13,0xb8,0x2,0x30,0x88,
  0x0,0x3,0x65,0x72,0x72,0x20,0x3d,0x20,0x94,0xc1,0xc6,0x3f,0x2b,0x2b,0xac,0x5,0x68,0x8,0x3a,0xac,0x2,0x2,0x65,0x72,
  0x61,0x73,0x65,0x3c,0x9e,0x2,0x64,0x78,0xc0,0x14,0x2b,0x77,0x3d,0x69,0x64,0x78,0x62,0xca,0x3c,0x20,0x28,0x9c,0x1,0xd2,
  0xcc,0x2b,0x2b,0x64,0xc9,0x6d,0xa7,0x9,0xac,0x3,0xbd,0x15,0x69,0xe4,0x19,0x2b,0x50,0x0,0x88,0xad,0x68,0x1c,0x78,0x1b,
  0x2e,0xbc,0x0,0xb8,0x1a,0x31,0xbf,0x0,0x65,0x72,0x72,0x7c,0x5,0x78,0xca,0xde,0x1d,0x2d,0x2d,0xb8,0x4,0x39,0xbc,0x3,
  0x0,0x5,0x53,0x6f,0x72,0x74,0x49,0x6e,0x70,0x75,0x74,0x4f,0x72,0x64,0x65,0x72,0x28,0x44,0x43,0x54,0x53,0x63,0x6f,0x72,
  0x65,0x7f,0x2d,0x20,0x2a,0x69,0x62,0x3,0x5f,0x6f,0x64,0x3,0xb8,0x33,0x60,0x9,0xdc,0x1e,0x60,0x3b,0x1,0x69,0x2c,0x20,
  0x6a,0x68,0xe,0x2b,0xd7,0x0,0x74,0x6d,0x70,0x6c,0x2,0x9d,0x22,0x6a,0x22,0x50,0x37,0x3,0x3b,0x20,0x6a,0x20,0x3c,0x20,
  0x6b,0x7,0x3b,0x20,0x6a,0x29,0x1f,0x4,0x74,0x6d,0x70,0x6c,0x1c,0x22,0x20,0x50,0x28,0x9e,0x1,0x5b,0x6a,0x84,0x22,0x65,
  0x8,0x9,0x60,0x4,0xb4,0x1d,0x29,0x20,0x2,0x60,0x4,0xa4,0x1d,0x22,0x7c,0x31,0x22,0xc9,0x53,0x6a,0x88,0x2c,0x74,0x1,0x6,
  0x77,0x68,0x69,0x6c,0x65,0x20,0x28,0x69,0x20,0x64,0xfa,0x1,0x20,0x26,0x26,0x20,0x2a,0xdf,0x0,0x69,0x5d,0x2e,0x72,0x9,
  0x3e,0x20,0xd8,0xa,0x7c,0x31,0xc4,0xfb,0x2b,0x98,0x0,0x27,0xf0,0x5,0x2d,0x60,0x2,0xa8,0x35,0x81,0x13,0x9,0x31,0xc0,
  0x0,0x6d,0xb,0x3d,0x31,0xc0,0x1,0xc2,0x6,0x2d,0x2d,0x80,0x1,0x70,0x33,0x32,0xf4,0x0,0xb8,0x59,0x64,0x13,0x68,0x48,
  0x6c,0x19,0x37,0x88,0x1,0x70,0x4,0xa0,0x20,0x23,0x4,0x21,0xc8,0x3d,0x98,0x2b,0x27,0xf8,0xd,0x94,0xa6,0x22,0x30,0x6a,
  0xcc,0xe3,0x88,0x9c,0x4,0x20,0x63,0x73,0x66,0x5b,0x31,0x39,0x23,0xa0,0x27,0x60,0x51,0x7c,0xa0,0x78,0xf0,0x5,0x31,0x2e,
  0x37,0x31,0x30,0x31,0x34,0x66,0x6c,0x1,0x5,0x30,0x2e,0x32,0x39,0x38,0x37,0x31,0x31,0xf0,0x1,0x2,0x33,0x33,0x37,0x30,
  0x39,0xf0,0x1,0x2,0x32,0x33,0x31,0x32,0x36,0xf0,0x1,0x2,0x30,0x37,0x30,0x37,0x32,0xd1,0x1,0x31,0x22,0xc9,0x69,0x35,
  0xf0,0x1,0x1,0x36,0x31,0x32,0x30,0xa1,0x8,0x32,0x22,0x32,0x20,0x30,0x37,0xc0,0x3,0x2,0x32,0x32,0x32,0x39,0x32,0x27,
  0x30,0x0,0x1,0x30,0x33,0x34,0x30,0xf0,0x9,0x2,0x31,0x38,0x38,0x34,0x36,0x27,0xfc,0x0,0x2,0x38,0x34,0x36,0x36,0x38,
  0xcc,0x6,0x3,0x31,0x36,0x39,0x39,0x39,0x33,0xf0,0x1,0x1,0x35,0x39,0x31,0x34,0x27,0xcc,0x1,0x2,0x33,0x30,0x31,0x35,
  0x35,0xc6,0x3,0x34,0x33,0x22,0x14,0x66,0xd0,0x1,0x2,0x32,0x30,0x34,0x39,0x33,0x27,0xd3,0x2,0x30,0x36,0x36,0x27,0x98,
  0x0,0x2,0x31,0x39,0x32,0x32,0x33,0xa8,0x13,0x4,0x30,0x2e,0x31,0x38,0x32,0x39,0x34,0x27,0x33,0x0,0x36,0x39,0x34,0x28,
  0x98,0x0,0x1,0x35,0x37,0x35,0x39,0xe0,0x8,0x2,0x31,0x32,0x37,0x31,0x35,0xe4,0x10,0x2,0x32,0x33,0x34,0x37,0x35,0xe8,
  0x18,0x2,0x31,0x39,0x31,0x30,0x39,0x27,0xa3,0x2,0x39,0x32,0x36,0x28,0x33,0x0,0x37,0x34,0x32,0xe8,0x13,0x2,0x31,0x36,
  0x36,0x35,0x30,0xfc,0x7,0x2,0x31,0x34,0x32,0x31,0x35,0xe4,0x2d,0x2,0x31,0x32,0x36,0x31,0x38,0x27,0x38,0x3,0x1,0x30,
  0x34,0x31,0x39,0xfe,0x21,0x32,0x32,0x60,0xc0,0xd8,0x19,0x2,0x31,0x38,0x35,0x33,0x37,0x27,0x3,0x1,0x38,0x33,0x38,0x2a,
  0x6a,0x1,0x36,0x34,0x27,0x67,0x0,0x35,0x39,0x34,0x27,0x10,0x7,0x1,0x31,0x32,0x36,0x33,0xf0,0x9,0x1,0x31,0x30,0x38,
  0x36,0x27,0x64,0x1,0x3,0x30,0x39,0x31,0x31,0x39,0x37,0xe4,0x10,0x2,0x32,0x30,0x37,0x34,0x36,0x27,0x0,0x1,0x1,0x37,
  0x31,0x35,0x31,0x27,0x6c,0x3,0x1,0x37,0x30,0x31,0x32,0xf8,0x4,0x1,0x31,0x34,0x31,0x35,0x28,0xa0,0x2,0x1,0x32,0x36,
  0x32,0x31,0x27,0xcf,0x0,0x30,0x33,0x36,0x27,0x48,0x7,0x22,0xd1,0x35,0x34,0x27,0xd8,0x1,0x3,0x30,0x37,0x35,0x31,0x38,
  0x34,0x28,0x79,0x4,0x36,0x28,0x68,0x0,0x2,0x31,0x36,0x31,0x39,0x34,0x27,0xa4,0x1,0x1,0x35,0x39,0x32,0x37,0x27,0x18,
  0x6,0x1,0x32,0x36,0x39,0x33,0x27,0xcf,0x0,0x30,0x39,0x31,0x27,0xac,0x3,0x2,0x30,0x38,0x37,0x38,0x30,0x28,0xa8,0x1,0x1,
  0x37,0x34,0x39,0x38,0x27,0x2b,0x8,0x30,0x36,0x33,0x22,0xfc,0x73,0xfc,0x25,0x1,0x36,0x35,0x32,0x33,0x27,0x58,0x5,0x1,
  0x33,0x32,0x39,0x30,0x27,0x28,0x6,0x1,0x32,0x38,0x36,0x37,0x27,0x5c,0x7,0x1,0x30,0x35,0x37,0x36,0xec,0x24,0x3,0x30,
  0x39,0x30,0x36,0x30,0x38,0xe8,0x12,0x6a,0x17,0x35,0x34,0xf4,0x1f,0x2,0x30,0x36,0x34,0x31,0x31,0x28,0x6c,0x0,0x2,0x35,
  0x32,0x39,0x39,0x32,0xfd,0x15,0x30,0xec,0xe,0x1,0x34,0x37,0x32,0x33,0x27,0x9b,0x1,0x31,0x32,0x36,0x27,0xf0,0x0,0x2,
  0x37,0x35,0x37,0x38,0x39,0xf4,0x11,0x81,0x53,0x32,0xe4,0x10,0x2,0x30,0x32,0x38,0x30,0x36,0x27,0xf8,0x5,0x3,0x30,0x30,
  0x37,0x35,0x30,0x31,0xa4,0x5,0x3,0x2d,0x30,0x2e,0x30,0x30,0x30,0x65,0x52,0x36,0xec,0x12,0x2,0x31,0x34,0x39,0x32,0x35,
  0x27,0xd8,0x1,0x1,0x39,0x36,0x34,0x38,0x27,0xf4,0xc,0x2,0x30,0x37,0x38,0x36,0x32,0x27,0xb3,0x6,0x30,0x35,0x32,0x28,
  0x64,0x0,0x61,0x6e,0x35,0xfc,0x29,0x4,0x30,0x30,0x33,0x35,0x33,0x30,0x39,0xa8,0x13,0x88,0xc,0x22,0xa0,0x78,0x2a,0xc8,
  0x1,0x2,0x34,0x30,0x34,0x34,0x38,0xf0,0xc,0x1,0x31,0x31,0x35,0x35,0x28,0xc7,0x1,0x37,0x39,0x33,0x28,0xef,0xd,0x30,
  0x36,0x32,0x22,0x14,0x3f,0xd0,0x1f,0x3,0x30,0x34,0x30,0x35,0x30,0x31,0x27,0x54,0x3,0x2,0x31,0x35,0x32,0x36,0x35,0xa0,
  0x2b,0x90,0xc,0x1,0x31,0x34,0x35,0x37,0xc8,0x35,0x9c,0x1,0x2,0x33,0x37,0x30,0x33,0x36,0xb4,0x5,0xde,0x1,0x35,0x31,
  0x28,0xc4,0x2,0x1,0x37,0x39,0x31,0x35,0x27,0x6c,0x8,0x2,0x30,0x35,0x33,0x37,0x35,0x28,0x6c,0x0,0x2,0x34,0x31,0x33,
  0x36,0x33,0xb8,0x17,0x2,0x30,0x2e,0x30,0x31,0x39,0x22,0xfc,0x2e,0xef,0x10,0x30,0x30,0x36,0x70,0x38,0x29,0xdc,0x1,0x2,
  0x35,0x31,0x30,0x39,0x32,0xa0,0x55,0x9c,0xc,0x1,0x34,0x36,0x34,0x35,0x29,0x7b,0x5,0x33,0x38,0x35,0x2a,0x57,0x7,0x34,
  0x34,0x35,0x28,0x69,0x1,0x33,0x6c,0x93,0xa8,0x9,0x63,0xd,0x35,0x33,0x38,0x27,0x38,0x10,0x1,0x30,0x30,0x30,0x35,0x22,
  0x24,0x53,0xb0,0x2a,0x80,0xb,0x2,0x33,0x35,0x36,0x30,0x38,0xb0,0x3f,0x9d,0x1,0x35,0x22,0xc4,0x2f,0xb4,0x28,0x9c,0x1,
  0x2,0x34,0x32,0x39,0x31,0x34,0x29,0x7d,0x0,0x33,0x22,0x54,0x44,0xbc,0x3,0x24,0x79,0x30,0x34,0x27,0xb4,0x12,0x3,0x30,
  0x30,0x38,0x36,0x35,0x36,0xd0,0x5,0x70,0x40,0x1,0x31,0x36,0x35,0x32,0xc0,0x46,0xce,0x9,0x35,0x39,0xc4,0x98,0x9c,0x1,
  0x1,0x35,0x30,0x37,0x33,0xc8,0x3f,0x9e,0x1,0x34,0x35,0x22,0x94,0x55,0x90,0x22,0x9c,0x1,0x70,0x2d,0x29,0x37,0x0,0x31,
  0x30,0x33,0x28,0xc,0xd,0x1,0x31,0x32,0x31,0x39,0xdc,0xb9,0x8c,0x5,0x1,0x30,0x39,0x32,0x35,0x2a,0x5c,0x6,0x1,0x33,0x30,
  0x39,0x39,0xb8,0x14,0x98,0x3,0x2,0x34,0x39,0x39,0x33,0x37,0x29,0xd8,0x3,0x1,0x34,0x33,0x37,0x33,0xd0,0x45,0x9c,0x3,
  0x1,0x33,0x37,0x37,0x34,0xd0,0xb,0xbf,0x1,0x31,0x31,0x37,0x2a,0xab,0x2,0x32,0x35,0x35,0xf8,0x79,0x9c,0x3,0x2,0x30,
  0x33,0x32,0x30,0x35,0xcc,0xbb,0x80,0x2,0x1,0x34,0x32,0x36,0x30,0xd8,0x99,0xbc,0x1,0x1,0x31,0x36,0x35,0x34,0x29,0x40,
  0x2,0x1,0x34,0x31,0x39,0x33,0xc0,0x6b,0x9c,0x3,0x2,0x33,0x36,0x35,0x34,0x31,0x29,0x40,0x2,0x1,0x33,0x31,0x37,0x34,
  0xdc,0x34,0x9c,0x3,0x1,0x32,0x35,0x35,0x39,0xc0,0x81,0xbf,0x1,0x31,0x37,0x39,0x27,0x80,0x13,0x28,0xe6,0xe,0x33,0x34,
  0x29,0xfa,0x11,0x34,0x33,0x28,0x3,0x13,0x39,0x34,0x37,0x28,0x54,0x1a,0x2,0x30,0x38,0x31,0x34,0x30,0x28,0xbc,0x10,0x2,
  0x36,0x38,0x36,0x37,0x37,0x27,0x84,0x8,0x2,0x35,0x38,0x38,0x31,0x32,0xac,0x4b,0x64,0x3a,0x1,0x37,0x34,0x34,0x31,0xbe,
  0x3d,0x30,0x2e,0x22,0xec,0x38,0x28,0x33,0x0,0x30,0x35,0x33,0x28,0x95,0x9,0x39,0x22,0xd8,0x2d,0xfc,0x4,0x2,0x30,0x37,
  0x38,0x34,0x32,0x27,0x38,0x1a,0x2,0x30,0x36,0x38,0x39,0x30,0xcd,0x1d,0x30,0x73,0xe8,0x38,0x33,0x30,0x27,0xe0,0xb,0x2,
  0x34,0x39,0x35,0x39,0x36,0xa0,0x33,0x4,0x30,0x2e,0x30,0x32,0x30,0x32,0x33,0xd8,0x6b,0x3,0x30,0x2e,0x31,0x32,0x33,0x38,
  0xc8,0x22,0x1,0x30,0x2e,0x30,0x39,0x64,0x71,0x27,0xd8,0x0,0x1,0x38,0x36,0x30,0x35,0xdf,0x72,0x30,0x2e,0x30,0x23,0x4c,
  0x85,0xb2,0x27,0x30,0x2e,0x22,0xa9,0x4c,0x33,0x27,0x9d,0x1e,0x30,0x68,0x9c,0x27,0x38,0x1e,0x70,0x86,0x28,0x9f,0x1c,
  0x30,0x30,0x38,0x6c,0xc1,0x27,0xf5,0x1,0x39,0x22,0x60,0x87,0x80,0x4c,0x3,0x30,0x2e,0x30,0x38,0x30,0x34,0x28,0x17,0x4,
  0x37,0x33,0x31,0xf4,0x62,0x62,0xc,0x33,0x36,0x28,0xe0,0x1b,0x7c,0x10,0x28,0x54,0xf,0x1,0x33,0x38,0x34,0x31,0xdc,0x46,
  0x73,0x6d,0x34,0x32,0x38,0x27,0x8c,0x16,0x4,0x30,0x30,0x31,0x30,0x35,0x31,0x39,0x27,0x8c,0x4,0x1,0x38,0x34,0x39,0x33,
  0xdc,0x95,0x6a,0x18,0x31,0x31,0x27,0x64,0x5,0x3,0x30,0x36,0x33,0x31,0x31,0x38,0xb4,0x7d,0x63,0x26,0x35,0x32,0x39,0x27,
  0x74,0x22,0x79,0x8d,0x32,0x28,0xc8,0x16,0x2,0x30,0x37,0x39,0x38,0x33,0x27,0xa4,0x1c,0x4,0x30,0x30,0x30,0x37,0x31,0x36,
  0x33,0xc8,0xe2,0xbc,0x44,0x68,0xaf,0x27,0x69,0x4,0x37,0x22,0xd8,0x22,0x27,0x34,0x0,0x1,0x35,0x39,0x39,0x35,0xd0,0x64,
  0x7a,0xc,0x34,0x38,0x28,0xc8,0x6,0x1,0x33,0x38,0x37,0x35,0xc8,0x75,0x7c,0x18,0x1,0x30,0x37,0x32,0x36,0x27,0x48,0x8,
  0x6a,0xaf,0x35,0x33,0xd4,0x15,0xb1,0xc,0x34,0x22,0xcc,0x54,0x84,0x27,0x9c,0x1,0x1,0x33,0x33,0x35,0x32,0x28,0xf0,0x4,
  0x1,0x36,0x33,0x35,0x33,0x27,0x3f,0x19,0x30,0x35,0x31,0x29,0x6c,0x20,0x2,0x30,0x34,0x30,0x36,0x33,0x27,0x4c,0x26,0x3,
  0x30,0x31,0x32,0x35,0x38,0x33,0x27,0xdc,0x3,0x2,0x30,0x31,0x35,0x31,0x33,0xdc,0xdd,0x98,0xa,0x1,0x31,0x34,0x30,0x32,
  0x2b,0xb2,0x15,0x36,0x32,0xf8,0xab,0x9c,0x3,0x1,0x33,0x33,0x37,0x36,0xcc,0x6c,0x4,0x30,0x2e,0x30,0x34,0x37,0x32,0x30,
  0xd4,0x89,0x6b,0x18,0x39,0x38,0x37,0x28,0xfc,0x1d,0x22,0xd9,0x91,0x33,0xf4,0xd1,0x2,0x30,0x30,0x32,0x36,0x36,0x2c,
  0xa2,0x1,0x33,0x37,0xfc,0x2f,0xa1,0xb,0x35,0x22,0xd0,0x20,0x29,0x7f,0x3,0x34,0x31,0x32,0xdc,0xe0,0x9c,0x3,0x4,0x32,
  0x39,0x30,0x30,0x37,0x34,0x66,0x26,0x2c,0x44,0x34,0xc0,0x2a,0x1,0x62,0x69,0x61,0x73,0x32,0xc4,0x2a,0x26,0xe4,0x2a,
  0x20,0x0,0x0,0x0,0x0,0x0,0xcf,0x1c,0x0,0xe0,0xc5,0x27,0x60,0x51,0x23,0x70,0x65,0x5,0x5f,0x74,0x20,0x5f,0x61,0x62,0x73,
  0x28,0xf3,0x1,0x76,0x61,0x6c,0x25,0x78,0x4a,0x25,0x5b,0x44,0x76,0x61,0x6c,0x24,0x31,0x48,0x3f,0x22,0x8c,0x73,0x22,
  0x6b,0x97,0x76,0x61,0x6c,0x35,0xe8,0x4f,0x22,0x44,0x77,0x29,0x28,0x4c,0x5,0x5f,0x5f,0x67,0x6c,0x6f,0x62,0x61,0x6c,
  0x25,0x18,0x6a,0xe9,0xc,0x2a,0x23,0xfe,0xa3,0x2c,0x20,0x36,0x78,0x0,0x2,0x6f,0x72,0x69,0x67,0x5f,0xcc,0x4,0x30,0xa4,
  0x53,0x29,0x54,0x47,0x24,0x44,0x4d,0x85,0x5,0x5f,0x22,0xf4,0x46,0xc0,0x17,0x22,0x5c,0x4d,0x78,0x1,0x22,0x7c,0x56,0x22,
  0xc8,0x48,0x23,0x1c,0x4d,0x70,0x2,0x22,0x74,0x5d,0x1,0x30,0x3b,0x20,0x63,0x22,0x74,0x9f,0x22,0xdd,0x82,0x63,0x22,0x0,
  0x4b,0x22,0x1c,0x47,0x24,0x20,0x84,0x69,0x4,0x6b,0x24,0xbb,0x4d,0x6b,0x20,0x3c,0x24,0x94,0xa6,0x9c,0xa,0x6d,0x5,0x6b,
  0x6c,0x5,0x27,0xb2,0x4b,0x74,0x20,0x24,0xb9,0x49,0x63,0x22,0xf0,0x6a,0x22,0x34,0xa7,0x9c,0x4,0x22,0x80,0x84,0x62,0xe,
  0x9,0x9,0x22,0xe4,0x5c,0x9c,0x12,0x2,0x5b,0x69,0x64,0x78,0x5d,0x22,0x54,0x7c,0x24,0xfc,0x5c,0xc1,0x8,0x9,0x24,0x34,
  0x49,0x1,0x73,0x63,0x6f,0x72,0x22,0x20,0x62,0x80,0x30,0x28,0xd4,0x3,0x8f,0x6,0x29,0x20,0x2a,0x23,0xb4,0x49,0x9e,0x7,
  0x2b,0x20,0x9c,0xf8,0x6c,0x1,0xbd,0xb,0x9,0xdd,0x1b,0x6c,0x2c,0x5c,0x58,0x2c,0x6c,0x4,0x1,0x64,0x78,0x2c,0x20,0x88,
  0xc,0x22,0x42,0x5e,0x9,0x9,0x23,0xac,0x4b,0x90,0x0,0x22,0x8,0x4d,0xd4,0x3b,0x2d,0xf0,0x52,0x29,0x0,0x1,0x25,0xc9,0x58,
  0x2c,0x23,0xd8,0x51,0x64,0x8,0x25,0x48,0x5f,0x2e,0x9c,0x21,0x94,0x26,0xc,0x49,0x44,0x43,0x54,0x4d,0x61,0x74,0x72,0x69,
  0x78,0x5b,0x6b,0x44,0x43,0x54,0x23,0xb8,0xa9,0x23,0x34,0x91,0x25,0x72,0xb6,0x38,0x31,0x24,0x89,0x68,0x31,0x22,0xfc,
  0x39,0x4,0x2c,0xd,0xa,0x9,0x31,0x30,0x37,0x24,0xa3,0x7b,0x39,0x36,0x33,0x23,0x98,0x67,0xe4,0x4,0x1,0x36,0x34,0x33,
  0x37,0x62,0x4,0x34,0x34,0xbf,0x2,0x32,0x32,0x36,0x23,0x18,0xb7,0xfc,0x3,0xfc,0x5,0xff,0x3,0x2d,0x32,0x32,0x24,0xdd,
  0xb6,0x2d,0xe5,0x4,0x2d,0x71,0xc,0x32,0x6d,0x8,0x2d,0x74,0xc,0x22,0x96,0x6b,0x9,0x2d,0x22,0xec,0x44,0x68,0x2,0xf0,0x4,
  0xf9,0xc,0x2d,0x27,0x1c,0x1,0x28,0xd4,0x0,0xec,0x4,0x22,0xc,0x49,0x6c,0x6,0x27,0x14,0x1,0xec,0xf,0x29,0x80,0x0,0x8c,
  0x13,0x9c,0xc,0x94,0x18,0x2f,0x9c,0x1,0xe8,0x6,0x2c,0x9c,0x1,0x8c,0x5,0xf5,0x8,0x2d,0xe8,0x1c,0x28,0x18,0x1,0x2e,0xb5,
  0x2,0x2d,0x2f,0x18,0x1,0x74,0x15,0x2c,0x14,0x1,0x2f,0x44,0x3,0x68,0x4,0xb8,0x20,0x2a,0xa4,0x1,0x22,0xf8,0x6c,0x94,
  0x2f,0xbc,0x22,0xe0,0xb,0x27,0x88,0x0,0xe0,0x2,0xfc,0x22,0x2f,0x78,0x5,0x28,0x58,0x1,0x27,0x5c,0x4,0x2f,0xb8,0x2,0x6c,
  0x4,0x94,0x13,0x68,0x4,0x80,0x1,0x27,0x4,0x3,0x27,0xa0,0x1,0xfc,0x15,0xe0,0xd,0xf8,0x20,0xb9,0x94,0x2f,0x29,0x5c,0xb6,
  0x22,0xa5,0x7e,0x78,0x22,0xdc,0x74,0x2,0x73,0x75,0x6d,0x7b,0x6b,0x29,0xa8,0x9,0x0,0x3,0x38,0x2a,0x78,0x2b,0x75,0x5d,
  0x2a,0x69,0x6e,0x5b,0x75,0x2a,0x73,0x74,0x72,0x69,0x64,0x65,0x5d,0x3b,0x20,0x74,0x7d,0x9,0x75,0x20,0x69,0x6e,0x20,
  0x5b,0x30,0x2e,0x2e,0x37,0x5d,0x7d,0x30,0x5c,0xb4,0x25,0xc2,0xb7,0x31,0x64,0x68,0x9,0x25,0x0,0x7d,0x27,0x6f,0x12,0x69,
  0x6e,0x2c,0xd8,0x95,0x60,0x5b,0xb4,0xa,0xbc,0x8c,0x79,0x10,0x38,0x25,0xf5,0xb1,0x9,0x70,0x3,0x2,0x74,0x6d,0x70,0x30,
  0x2c,0x22,0x2d,0x5c,0x31,0x95,0x0,0x32,0x95,0x0,0x33,0x94,0x0,0x22,0x6a,0x70,0xd,0xa,0x22,0xf8,0x5d,0x22,0xb0,0x69,
  0x2a,0xcc,0x2,0x26,0xc8,0x7f,0x24,0xb4,0x9c,0x6c,0xa,0x23,0x48,0x83,0x61,0x1,0x31,0x6c,0x1c,0x60,0x1,0x23,0x7c,0x59,
  0x60,0x1,0x23,0x38,0xb3,0x60,0x1,0x23,0xc8,0xb2,0x61,0x1,0x35,0xed,0x4,0x36,0xe1,0x1,0x37,0x63,0x1,0x74,0x6d,0x70,
  0x22,0x8,0x7d,0xa8,0xe,0x22,0xb,0x6c,0x69,0x6e,0x5b,0xac,0x17,0x22,0x34,0x81,0x32,0x1d,0x2,0x31,0x22,0x38,0x82,0x64,
  0x18,0x63,0x8a,0x74,0x6d,0x70,0x22,0xc0,0x6b,0x2a,0x9c,0x2,0x23,0xb8,0x82,0x29,0x7c,0x0,0x22,0xb4,0x6b,0x2a,0x7e,0x0,
  0x31,0x37,0x2d,0x1,0x1,0x34,0x22,0x28,0xb1,0x64,0x2a,0xdd,0x80,0x32,0x23,0xf8,0x84,0xe4,0x8,0x6d,0x17,0x30,0x23,0xcc,
  0x8c,0xc8,0x15,0x23,0x34,0x87,0x22,0x2d,0x84,0x3d,0x64,0x28,0x23,0xe8,0x6c,0x6d,0x4,0x32,0xed,0x4,0x33,0x7c,0x12,0x65,
  0x2,0x33,0xe4,0x2,0x6c,0x2a,0x94,0x6,0x1,0x34,0x5d,0x20,0x2d,0x94,0x6,0x27,0x45,0x0,0x35,0xe4,0x2,0x27,0xd5,0x0,0x36,
  0xe4,0x2,0x27,0x65,0x1,0x37,0xe4,0x2,0x2f,0xa0,0x4,0x22,0x38,0x6e,0x3c,0xb0,0x4,0x23,0x10,0x89,0xe8,0x19,0x31,0xb0,
  0x4,0x24,0x20,0x87,0xe0,0x4,0x74,0x16,0x20,0x6,0xac,0x3,0xbc,0x18,0x27,0x8d,0x2,0x33,0x2a,0x8c,0x2,0x2c,0xac,0x3,0x74,
  0x16,0x84,0x2,0x27,0xac,0x3,0x27,0xd5,0x0,0x36,0xe4,0x24,0x27,0x45,0x0,0x37,0xe4,0x2,0x74,0x6,0x2b,0x50,0x8,0x22,0xc4,
  0x71,0x3c,0xad,0x3,0x33,0x2d,0x5c,0x7,0x2e,0x61,0x8,0x31,0x2e,0xe4,0x8,0x2f,0x64,0x8,0x2e,0xe8,0x8,0x2f,0x64,0x8,0x2b,
  0xe8,0x8,0x20,0xa,0xb5,0x4,0x2b,0x94,0x3e,0x27,0x8c,0x7,0x20,0x41,0x64,0x8,0x1,0x34,0x20,0x2a,0x20,0x3c,0xb5,0x4,0x34,
  0x2a,0xb4,0x4,0x37,0x28,0x3,0xb8,0x3c,0x70,0x31,0x89,0x38,0x32,0x2f,0x98,0x7,0x27,0x28,0x3,0x27,0x8d,0x0,0x34,0x2a,
  0x8,0x7,0x94,0x6,0x27,0xe0,0x7,0x27,0x8c,0x0,0x27,0x90,0xb,0x27,0x44,0x0,0x38,0xe1,0x7,0x35,0x3f,0x28,0x3,0x2b,0xbc,
  0xe,0x32,0x90,0xb,0x2e,0x64,0x8,0x2e,0xe1,0x7,0x32,0x2e,0x64,0x8,0x2f,0xe0,0x7,0x2b,0x64,0x8,0x37,0xb4,0x4,0xb8,0x3c,
  0x27,0x30,0xb,0x20,0x53,0x49,0x10,0x36,0x3f,0xb4,0x4,0x23,0x24,0x98,0xe4,0x7e,0x32,0xb4,0x4,0x20,0x5,0x64,0x8,0x30,
  0xac,0x3,0xac,0x45,0x27,0xf4,0x3,0x20,0x41,0x49,0x10,0x37,0x3f,0xac,0x3,0x2b,0xbc,0xe,0x32,0xac,0x3,0x2e,0xe8,0x8,
  0x2f,0x64,0x8,0x2e,0xe8,0x8,0x2e,0x65,0x8,0x33,0x2b,0xe8,0x8,0x20,0x6e,0x64,0x8,0x25,0xe0,0x2b,0x27,0xdc,0x34,0x23,
  0x2d,0x8b,0x43,0x22,0x2e,0x9d,0x54,0x6f,0x60,0xde,0x29,0x4c,0xd5,0x23,0x70,0x2c,0x24,0xd6,0x9a,0x5f,0x74,0x24,0x5,
  0x31,0x5b,0x22,0x8,0xe5,0x7,0x38,0x5d,0x2c,0x20,0x75,0x63,0x68,0x61,0x72,0x20,0x6c,0x1b,0xa4,0x2,0x25,0xb4,0x32,0x26,
  0xe4,0x21,0x5,0x63,0x6f,0x6c,0x69,0x64,0x63,0x74,0x73,0x2d,0x0,0x2d,0x78,0xe0,0xb4,0xa,0x22,0xc8,0x21,0x5,0x6b,0x43,
  0x6f,0x6c,0x53,0x63,0x61,0x6c,0x22,0xd5,0x30,0x31,0x94,0x7e,0x2c,0x6d,0x0,0x52,0x22,0x28,0xaf,0x22,0x8,0x33,0x2,0x20,
  0x3c,0x3c,0x20,0x28,0x28,0xb6,0x0,0x2d,0x20,0x24,0x10,0xab,0x22,0x71,0x24,0x28,0x60,0x9,0x22,0x38,0xcf,0x5,0x30,0x3b,
  0x20,0x78,0x20,0x3c,0x20,0x38,0x22,0x78,0x33,0x22,0x2c,0x86,0x24,0x70,0x32,0x74,0x3,0x5,0x63,0x6f,0x6c,0x62,0x75,0x66,
  0x5b,0x38,0x22,0x69,0x21,0x7b,0x24,0x2d,0xd5,0x9,0x2c,0xd5,0x24,0x26,0x24,0x74,0x33,0x2,0x78,0x5d,0x2c,0x20,0x38,0x22,
  0xc0,0x24,0x7c,0x5,0x22,0x91,0x30,0x9,0x28,0x28,0x35,0x22,0xa8,0x8b,0x1,0x30,0x3b,0x20,0x79,0xe9,0xc,0x79,0x29,0x4,
  0x35,0x27,0xb0,0x3,0x68,0x21,0x1,0x79,0x20,0x2b,0x20,0x23,0x7d,0x27,0x28,0xdd,0xe,0x79,0x22,0xac,0xc4,0x70,0x17,0x98,
  0x19,0x2,0x29,0x20,0x3e,0x3e,0x20,0x74,0x1,0x80,0x1f,0x7c,0x21,0x27,0x10,0x33,0x29,0xf3,0x3,0x52,0x6f,0x77,0x9c,0x3,
  0x70,0x1f,0x29,0xcc,0x8f,0x74,0x19,0x1,0x6b,0x52,0x6f,0x77,0x84,0x9,0x3,0x20,0x3d,0x20,0x32,0x35,0x37,0xa8,0x23,0x27,
  0xbc,0x0,0x88,0x23,0x0,0x8,0x20,0x2f,0x2f,0x20,0x69,0x6e,0x63,0x6c,0x75,0x64,0x65,0x73,0x20,0x6f,0x66,0x66,0x73,0x65,
  0x74,0x20,0x62,0x79,0x20,0x31,0x32,0x38,0x2a,0xc8,0xa3,0x33,0x44,0x3,0x23,0xfc,0x38,0x28,0x23,0x2,0x72,0x6f,0x77,0x24,
  0x68,0x38,0x84,0x1b,0x94,0x15,0x6f,0x10,0x72,0x6f,0x77,0x3e,0x44,0x5,0x27,0x4c,0x4,0xa8,0x8,0x3,0x5d,0x2c,0x20,0x31,
  0x2c,0x20,0xbc,0x6,0x2d,0x64,0x5,0x33,0xf0,0x6,0xb4,0x37,0x84,0xc5,0xa0,0x8,0xf4,0x2a,0x3,0x6d,0x61,0x78,0x28,0x30,
  0x2c,0x22,0x40,0x9a,0x4,0x28,0x32,0x35,0x35,0x2c,0x20,0x28,0xae,0xa,0x5b,0x78,0x94,0x2c,0xec,0x23,0xb4,0x2c,0xf5,0x22,
  0x29,0xa4,0xe,0x22,0xa0,0x38,0x28,0x2c,0xb3,0x2c,0x0,0xc,0x64,0x5f,0x7,0x54,0x6f,0x50,0x69,0x78,0x65,0x6c,0x38,0x78,
  0x38,0x25,0x18,0x2d,0xac,0x5c,0x7c,0x58,0x28,0xd8,0xb,0x4,0x73,0x68,0x6f,0x72,0x74,0x20,0x70,0x62,0x5,0x73,0x5f,0xd8,
  0x2,0x27,0xef,0xb,0x6e,0x73,0x74,0x23,0x20,0xaa,0x99,0x49,0x5f,0xa0,0x1b,0x27,0xb4,0x9b,0x60,0x27,0xa0,0x3,0xa4,0x2f,
  0x2b,0x60,0x0,0x6,0x77,0x69,0x64,0x74,0x68,0x5f,0x20,0x3d,0x20,0x2d,0xb4,0x7,0x3,0x68,0x65,0x69,0x67,0x68,0x74,0xe0,
  0x3,0x2a,0xf9,0x6,0x69,0xb6,0x8,0x20,0x69,0x27,0x49,0xa,0x69,0x8c,0x52,0x84,0x38,0x27,0x65,0xc,0x69,0xb2,0x10,0x20,
  0x69,0x27,0x6d,0xc,0x69,0x90,0x63,0xdc,0x2b,0x6c,0x12,0x64,0x4,0x78,0x3b,0xac,0x13,0x3,0x78,0x20,0x2b,0x20,0x69,0x78,
  0x84,0x3d,0x23,0x58,0x30,0x74,0xc,0x28,0x74,0x0,0x72,0x5b,0x69,0x79,0xd4,0x3,0x1,0x66,0x20,0x28,0x78,0x22,0x30,0x45,
  0xcc,0x17,0x1,0x7c,0x7c,0x20,0x79,0x78,0x1,0xc8,0x16,0x9d,0x63,0x9,0x22,0x3c,0xab,0x2,0x74,0x69,0x6e,0x75,0x65,0xcf,
  0x6,0x6e,0x74,0x20,0x22,0xb4,0x9f,0x1,0x79,0x20,0x2a,0x20,0xda,0x6,0x2b,0x20,0xd4,0xd,0xed,0x2a,0x70,0x7c,0x74,0x27,
  0xd1,0x5,0x69,0x8a,0xe,0x78,0x5d,0x7c,0x5c,0x23,0x84,0x2c,0xf8,0x65,0x33,0x1c,0x13,0x29,0x18,0x7,0x2,0x31,0x36,0x78,
  0x31,0x36,0x20,0x7,0x20,0x7,0x7d,0x98,0x31,0x78,0xe4,0x1,0x31,0x36,0x5d,0x2c,0x2e,0x29,0x47,0x75,0xad,0x3e,0x2a,0x81,
  0x14,0x5f,0x22,0x64,0x43,0x24,0x8,0x35,0xc0,0x26,0x2a,0x31,0x0,0x79,0xb0,0x1,0xa8,0x1b,0xac,0x1,0x28,0x38,0x4,0x64,
  0x33,0x4,0x2f,0x2f,0x20,0x46,0x69,0x6c,0x6c,0x22,0x44,0x37,0x22,0x0,0xec,0x2,0x31,0x30,0x78,0x31,0x30,0xb4,0x49,0x2,
  0x20,0x61,0x72,0x65,0x61,0xfc,0x2,0xc,0x73,0x75,0x62,0x73,0x61,0x6d,0x70,0x6c,0x65,0x64,0x20,0x69,0x6d,0x61,0x67,0x22,
  0x7c,0xc5,0x1,0x61,0x74,0x20,0x77,0x65,0x7,0x62,0x70,0x1,0x8,0x65,0xd,0xa,0x9,0x2f,0x2f,0x20,0x62,0x61,0x73,0x69,0x64,
  0x7c,0x23,0xfa,0xc5,0x75,0x70,0x88,0x6,0x1,0x69,0x6e,0x67,0x2e,0x24,0x8c,0xc5,0xa0,0xa,0x5,0x73,0x20,0x65,0x6e,0x6f,
  0x75,0x67,0x68,0x22,0x80,0xee,0x1,0x68,0x6f,0x6c,0x64,0x8c,0x5,0x4,0x33,0x78,0x33,0x20,0x6b,0x65,0x72,0x24,0x3c,0xf0,
  0xac,0x9,0x78,0x11,0x3,0x66,0x61,0x6e,0x63,0x79,0x20,0xc0,0x9,0x2,0x65,0x72,0x20,0x61,0x72,0x85,0xb0,0x65,0x22,0xfc,
  0xf0,0x94,0x1f,0xa,0x2e,0xd,0xa,0x23,0x64,0x65,0x66,0x69,0x6e,0x65,0x20,0x6b,0x53,0x27,0x8c,0x2,0x22,0x4,0xcd,0x22,
  0x7c,0x44,0x3,0x20,0x31,0x30,0xd,0xa,0x9,0xd8,0x25,0x28,0x9,0x3,0x5b,0x32,0xa9,0x0,0x2a,0x32,0x0,0x1,0x23,0x78,0x37,
  0x27,0xec,0xa,0x22,0xb1,0x98,0x30,0x24,0xb0,0x98,0x31,0x4,0x1,0x7d,0xbc,0x6a,0x70,0x4c,0x78,0x2a,0x70,0x21,0x1,0x54,
  0x68,0x65,0x20,0x23,0x68,0x9a,0x2,0x20,0x77,0x65,0x20,0x66,0x69,0x25,0x69,0x24,0x94,0xf1,0x8,0x72,0x6f,0x77,0x73,0x20,
  0x69,0x73,0x3a,0xd,0xa,0x9,0x7f,0x4,0x20,0x20,0x38,0x61,0x91,0x73,0x64,0x75,0x6,0x65,0x72,0x73,0x65,0x63,0x74,0x69,
  0x6e,0x67,0x94,0x22,0x80,0x3a,0x94,0x94,0x3,0x20,0x62,0x65,0x6c,0x6f,0x77,0xa8,0x1,0x1,0x61,0x62,0x6f,0x76,0x7c,0x2d,
  0x68,0x59,0xdc,0x7b,0x23,0xf4,0xc7,0x95,0x5,0x5f,0x64,0x59,0x3,0x31,0x36,0x20,0x2b,0x20,0x28,0x22,0x50,0x9b,0x6,0x39,
  0x20,0x3f,0x20,0x6a,0x20,0x2a,0x20,0x32,0x22,0x64,0x51,0x25,0x90,0xc7,0x27,0x3c,0x3,0x22,0x6c,0x9a,0x25,0x38,0xee,
  0x35,0x3d,0x3,0x69,0x7c,0x19,0xc8,0x73,0x23,0xa4,0xcc,0x31,0x44,0x3,0x93,0x31,0x72,0x6f,0x77,0xe4,0x1a,0xe8,0x1a,0x9d,
  0x33,0x73,0x23,0x8,0xcd,0xdc,0x1e,0x80,0x14,0xb,0x2c,0x20,0x6c,0x65,0x66,0x74,0x20,0x65,0x64,0x67,0x65,0x2c,0x20,0x72,
  0x70,0x89,0x8c,0x1,0x6c,0x21,0x29,0x40,0x3,0x99,0x84,0x28,0x27,0xa,0x3,0x28,0x6a,0x22,0xd0,0x9b,0x22,0xd0,0x4e,0x31,
  0xa0,0x2,0x4,0x20,0x3a,0x20,0x30,0x29,0x20,0x2b,0x84,0x8,0x22,0x7c,0xec,0x2,0x28,0x69,0x20,0x3c,0x20,0x61,0x1f,0x69,
  0x70,0x6,0x94,0x3,0xbc,0xad,0x29,0x7d,0x1,0x78,0x22,0x14,0x3f,0x9d,0x11,0x5f,0x22,0x30,0xbb,0xa0,0x26,0x28,0xdc,0x0,
  0x2c,0xc0,0x4,0x23,0xbc,0x51,0x1,0x78,0x30,0x20,0x3c,0x25,0x54,0xec,0xc1,0x22,0x9,0x29,0x45,0x9,0x69,0x84,0xec,0x2b,
  0x40,0x0,0x70,0xf,0x9c,0x47,0x25,0x68,0x50,0x3,0x9,0x65,0x6c,0x73,0x65,0x20,0x22,0xe9,0x52,0x79,0x20,0x12,0x28,0x1,
  0x31,0xdc,0x3,0x34,0x72,0x1,0x78,0x30,0x6c,0x9e,0xa0,0x7e,0x94,0x37,0x20,0x6,0xb6,0x2,0x2d,0x20,0x23,0x68,0xc4,0x26,
  0x20,0x53,0x2b,0xb7,0x2,0x3e,0x3d,0x20,0x28,0xd6,0x10,0x9,0x9,0x20,0x8,0x44,0x1,0x20,0x8,0xd0,0x2,0x65,0x2f,0x38,0x22,
  0x3c,0xa4,0x6d,0x56,0x38,0x3c,0xd8,0x2,0x84,0xb1,0x6d,0x5a,0x38,0x64,0xc3,0x29,0x1c,0x16,0x81,0xb1,0x9,0x80,0x17,0x8c,
  0x41,0x9c,0x70,0x86,0x6c,0x52,0x65,0x23,0x4,0x21,0x1,0x72,0x75,0x63,0x74,0x9c,0x6a,0x28,0x9c,0x6,0xa9,0x9d,0x73,0xe0,
  0x8b,0x6c,0x8e,0x64,0x53,0x22,0xcc,0xd8,0x6c,0x1,0x4,0x63,0x75,0x72,0x72,0x65,0x6e,0x74,0x98,0x9,0x7c,0x5a,0x84,0x46,
  0x22,0xea,0x22,0x63,0x6f,0x12,0x58,0x3,0xff,0x74,0x69,0x6e,0x76,0x60,0x77,0xf4,0x6,0x2d,0xd5,0x12,0x2e,0xb8,0x7,0x88,
  0x10,0x6d,0x7c,0x20,0x23,0x1c,0xdb,0x22,0xdd,0x20,0x79,0x22,0xc,0xd4,0x1,0x31,0x2c,0x20,0x30,0xdc,0x53,0x2a,0x80,0xa,
  0x22,0x64,0x4b,0x6d,0x4,0x78,0x2e,0x8c,0x0,0x28,0xf1,0x2,0x5b,0xb5,0x4e,0x28,0x84,0x6d,0x9f,0xc0,0x5b,0x79,0x30,0x2b,
  0x20,0x1b,0x23,0x39,0x4c,0x39,0x29,0x6e,0xc,0x9,0x20,0xa4,0x1e,0xd4,0x5,0x22,0xf0,0xb4,0xa8,0x45,0x22,0x38,0x23,0x22,
  0xbc,0x48,0xac,0x15,0x78,0x68,0x2c,0xa4,0x0,0x2c,0x5c,0x1,0x23,0x3e,0x31,0x2d,0x33,0x20,0x7,0x60,0x1,0x9a,0x10,0x2d,
  0x33,0x22,0x10,0x24,0x29,0x7c,0x1,0x23,0x10,0x36,0xd0,0x63,0x25,0x28,0x24,0x6c,0x2c,0x3,0x44,0x65,0x74,0x65,0x72,0x6d,
  0x64,0xba,0x9c,0xc5,0x5,0x74,0x6f,0x20,0x75,0x70,0x64,0x61,0x74,0x23,0xf0,0xdd,0x23,0x7b,0x20,0x6d,0x69,0x6e,0x22,
  0x2c,0xb7,0x23,0x5c,0x60,0xb1,0x77,0x3b,0x22,0x80,0x29,0x2,0x73,0x74,0x64,0x3a,0x3a,0x64,0x26,0x90,0x34,0xf9,0x7a,
  0x2d,0x22,0x98,0x27,0xbc,0x2b,0xb1,0x7,0x61,0x22,0x78,0x21,0x1,0x6d,0x69,0x6e,0x28,0x2b,0x98,0x0,0x2,0x2b,0x20,0x31,
  0x35,0x2c,0x26,0x4,0x20,0x23,0xce,0x2a,0xd,0xa,0x24,0xb8,0x21,0x2a,0xb4,0x1,0xac,0xab,0x32,0xb4,0x1,0xa4,0x3,0x22,
  0x9c,0xaf,0xf4,0x39,0x76,0xd,0x79,0x6d,0x2d,0xb4,0x1,0xd8,0x4,0xb4,0xd,0xc8,0x6a,0x70,0x6,0x7c,0x3f,0xb4,0xde,0x2,
  0x41,0x70,0x70,0x6c,0x79,0x90,0x54,0x2d,0x14,0x9,0x16,0x8c,0xa,0x28,0xf8,0x7,0x24,0x0,0x34,0x74,0x4b,0x27,0x44,0x17,
  0x22,0x70,0x24,0x1,0x79,0x6d,0x69,0x6e,0x23,0x5e,0x30,0x3d,0x20,0x7c,0xf,0x78,0xd2,0x28,0x1c,0x26,0x29,0x10,0xa,0x64,
  0xa0,0x5,0x28,0x28,0x79,0x20,0x26,0x20,0x7e,0x31,0x22,0x15,0xc5,0x32,0x22,0xb0,0xce,0x90,0x2a,0x74,0x14,0x71,0x6b,
  0x31,0x35,0xc0,0x15,0x23,0xe8,0x24,0x28,0x25,0x1,0x64,0x74,0xe,0xa4,0x9,0x84,0x6,0x60,0x9,0x80,0x1,0x31,0xf8,0xf,0x88,
  0x7,0x27,0xb8,0x2,0x69,0x31,0x78,0x98,0x15,0x6,0x78,0x20,0x3c,0x3d,0x20,0x78,0x6d,0x61,0x78,0x78,0x15,0x2a,0x40,0x28,
  0x28,0x98,0x1,0x8a,0xb6,0x28,0x78,0x31,0xbc,0x2,0x70,0x40,0x9c,0x15,0x94,0xb,0x29,0x11,0xd,0x64,0x60,0xc,0x88,0x6,
  0x9c,0x11,0x80,0x13,0x2e,0x8c,0x0,0x84,0xcd,0x5,0x78,0x30,0x20,0x2b,0x20,0x79,0x30,0x3b,0x23,0x6d,0xfb,0x9,0x83,0x3f,
  0x6f,0x75,0x74,0x23,0xc1,0x2c,0x78,0x12,0xbc,0x9,0x6c,0x14,0x84,0x57,0x74,0x3a,0x64,0x3,0x68,0x1e,0x1,0x79,0x20,0x2d,
  0x20,0x90,0x2d,0xd4,0x6,0x9a,0x70,0x73,0x5f,0x22,0xe8,0x26,0xaa,0x4,0x2a,0x20,0x9c,0xca,0x70,0x1,0x99,0xc3,0x28,0x28,
  0xec,0x6,0x88,0x77,0x3,0x2a,0x20,0x39,0x20,0x2b,0x20,0x2b,0x50,0x0,0x2,0x20,0x2b,0x20,0x64,0x79,0x22,0xd0,0x4b,0x2b,
  0x6c,0xd,0x1,0x9,0x9,0x9,0x20,0x30,0x9d,0x0,0x78,0xdc,0x4,0x31,0x64,0x0,0xb8,0x8,0x2c,0xbc,0xd,0x70,0x8,0x30,0xc2,
  0x2a,0x2f,0x2f,0x22,0xcc,0x3c,0xb,0x20,0x3d,0x20,0x5b,0x59,0x55,0x56,0x59,0x55,0x56,0x2e,0x2e,0x2e,0x2e,0xa5,0x1,0x5d,
  0x30,0x68,0x5f,0x23,0x38,0x32,0x3,0x54,0x6f,0x59,0x55,0x56,0x28,0x25,0x50,0x25,0xcc,0x1e,0x25,0xdc,0x31,0x22,0xa5,
  0x2a,0x70,0x15,0x0,0x14,0x24,0xac,0x32,0x70,0x21,0x22,0xb4,0x2e,0x22,0x84,0x3e,0x6d,0x27,0x78,0x23,0x66,0x6d,0x2f,
  0x2a,0x22,0x62,0x31,0x2a,0x2f,0x24,0x41,0x2a,0x79,0x2b,0x4c,0x0,0x2f,0xec,0x32,0x24,0x87,0x50,0x20,0x3d,0x20,0x22,
  0x64,0x52,0x2a,0xc0,0x31,0x6c,0x30,0x25,0x4,0x3c,0x98,0xa,0x68,0x47,0x28,0xa4,0xb,0x2b,0x91,0x9,0x30,0x24,0x2c,0x3e,
  0x84,0xd,0x78,0x4,0x2a,0x84,0x9,0x79,0x12,0x70,0x60,0x45,0x78,0x5e,0x80,0x9,0x6c,0xa1,0xbb,0x44,0x2a,0x6f,0x75,0x23,
  0x4c,0xdb,0x92,0x19,0x29,0x28,0xa4,0xad,0x2,0x73,0x5f,0x5b,0x70,0x78,0x22,0x77,0x37,0x38,0x20,0x2d,0x22,0xc4,0x31,0x1,
  0x26,0x20,0x31,0x29,0x6a,0x2d,0x20,0x34,0x7a,0x78,0x9,0x9,0x22,0x90,0x38,0x12,0x98,0x11,0xa0,0x17,0x80,0x9,0xd8,0x9b,
  0x25,0x88,0x30,0x8c,0x5a,0x29,0xf0,0xbb,0x64,0x10,0xd,0x6b,0x43,0x72,0x54,0x6f,0x52,0x65,0x64,0x54,0x61,0x62,0x6c,
  0x65,0x5b,0x32,0x35,0x23,0x0,0x62,0x64,0xd8,0x7,0x2d,0x31,0x37,0x39,0x2c,0x20,0x2d,0x31,0x37,0x38,0x95,0x0,0x37,0x95,
  0x0,0x35,0x95,0x0,0x34,0x95,0x0,0x32,0x95,0x0,0x31,0x95,0x0,0x30,0x75,0x0,0x36,0x85,0x5,0x36,0x85,0x5,0x36,0x84,0x5,
  0x24,0x80,0xda,0x1,0x2d,0x31,0x36,0x33,0x9c,0x3,0x8d,0x5,0x36,0x8d,0x5,0x35,0x8d,0x5,0x35,0x8e,0x5,0x35,0x36,0x75,0x3,
  0x35,0x95,0xa,0x35,0x85,0x5,0x35,0x85,0x5,0x35,0x85,0x5,0x34,0x95,0x10,0x34,0x23,0xf7,0x70,0x2d,0x31,0x34,0x8d,0x5,
  0x34,0x8d,0x5,0x34,0x8d,0x5,0x34,0x9d,0x10,0x34,0x8d,0x5,0x33,0x8d,0x5,0x33,0x95,0xa,0x33,0x85,0x5,0x33,0x9d,0x10,
  0x33,0x85,0x5,0x33,0x85,0x5,0x33,0x25,0x6d,0x6f,0x32,0x8d,0x5,0x32,0x9d,0x10,0x32,0x8d,0x5,0x32,0x8d,0x5,0x32,0x8d,
  0x5,0x32,0x8c,0x5,0x22,0xab,0xf2,0x2d,0x31,0x31,0x85,0x5,0x31,0x85,0x5,0x31,0x84,0x5,0x6e,0xb6,0x2d,0x31,0x24,0x4f,
  0xed,0x2d,0x31,0x31,0x8d,0x5,0x31,0x8d,0x16,0x30,0x8d,0x5,0x30,0x8d,0x5,0x30,0x9d,0x10,0x30,0x95,0xa,0x30,0x85,0x16,
  0x30,0x85,0x5,0x30,0xa4,0x5,0x65,0x16,0x39,0x61,0x5,0x39,0xad,0x1b,0x39,0x61,0x5,0x39,0x7d,0x4,0x39,0x69,0x10,0x39,
  0x75,0x4,0x39,0x71,0x4,0x38,0x71,0x4,0x38,0x71,0x9,0x38,0x75,0xf,0x38,0x69,0x4,0x38,0x69,0x4,0x38,0x69,0x4,0x38,0xbc,
  0x19,0x91,0x35,0x37,0x71,0x4,0x37,0x71,0x4,0x37,0x71,0x4,0x37,0x71,0x4,0x37,0x6d,0xe,0x37,0x7d,0x8,0x36,0x6c,0x13,
  0x99,0x33,0x36,0x69,0x4,0x36,0x68,0x4,0x24,0x1a,0xe2,0x2d,0x36,0x70,0x4,0x85,0x33,0x35,0x70,0x4,0x9c,0x32,0x98,0x32,
  0x22,0x65,0x41,0x2d,0x91,0x32,0x35,0x68,0x4,0x88,0x32,0x85,0x32,0x34,0x71,0x12,0x34,0x23,0x2a,0xe0,0x2d,0x34,0x64,
  0x17,0x94,0x31,0x91,0x31,0x34,0x78,0x12,0x89,0x31,0x33,0x70,0x4,0x80,0x31,0x9d,0x30,0x33,0x64,0xe,0x95,0x30,0x33,0x68,
  0x4,0x14,0xd5,0x2b,0x2d,0x89,0x30,0x32,0x64,0x17,0x81,0x30,0x32,0x70,0x4,0x98,0x2f,0x95,0x2f,0x32,0x64,0x17,0xac,0x2f,
  0x68,0x4,0xa4,0x2f,0x68,0x4,0x24,0x65,0xf4,0x2d,0xdb,0x2e,0x2c,0x20,0x2d,0x6c,0xd,0x68,0x4,0x6c,0x1b,0x60,0x4,0x70,
  0x1f,0x22,0x8c,0x23,0x23,0xc3,0x45,0x33,0x2c,0x20,0x23,0x64,0x74,0x2,0x36,0x2c,0x20,0x37,0x2c,0x22,0x6c,0x4b,0x1,0x31,
  0x30,0x2c,0x20,0x6c,0x7,0x4,0x31,0x33,0x2c,0x20,0x31,0x34,0x2c,0x98,0xf0,0x1,0x31,0x37,0x2c,0x20,0x68,0xd,0x6d,0xe,
  0x32,0x23,0x44,0x75,0x7c,0x10,0x60,0x12,0x64,0x13,0x68,0x14,0x6c,0x15,0x60,0x47,0x7c,0x17,0x60,0x19,0x64,0x1a,0x68,
  0x1b,0x6c,0x1c,0x24,0x1c,0xf6,0x7c,0x1e,0x60,0x20,0x64,0x21,0x68,0x22,0x6c,0x23,0x70,0x56,0x7c,0x25,0x60,0x27,0x64,
  0x28,0x68,0x29,0x6d,0x2a,0x35,0x23,0x2c,0xf7,0x7c,0x2c,0x60,0x2e,0x64,0x2f,0x68,0x30,0x6c,0x31,0x60,0x66,0x7c,0x33,
  0x60,0x35,0x64,0x36,0x68,0x37,0x6d,0x38,0x37,0x23,0xe4,0x77,0x7c,0x3a,0x60,0x3c,0x64,0x3d,0x68,0x3e,0x6c,0x3f,0x1,
  0x38,0x30,0x2c,0x20,0x7c,0x41,0x60,0x43,0x64,0x44,0x68,0x45,0x6e,0x46,0x38,0x38,0x22,0xac,0x7b,0x7c,0x48,0x60,0x4a,
  0x64,0x4b,0x68,0x4c,0x6c,0x4d,0x1,0x39,0x37,0x2c,0x20,0x7e,0x4f,0x31,0x30,0x68,0x21,0x70,0x52,0x12,0xf6,0x32,0x20,
  0x31,0x6a,0x55,0x31,0x30,0x89,0x13,0x31,0x69,0x58,0x31,0x75,0x59,0x31,0x61,0x5b,0x31,0x80,0x26,0x78,0x5d,0x6e,0x5f,
  0x20,0x31,0x71,0x31,0x31,0x65,0x62,0x31,0x74,0x26,0x9d,0x64,0x31,0x72,0x36,0x31,0x32,0x99,0x14,0x31,0x69,0x69,0x31,
  0x69,0x27,0x31,0x61,0x6c,0x31,0x71,0x27,0x31,0x76,0x27,0x31,0x33,0x64,0xe,0x7d,0x27,0x31,0x65,0x73,0x31,0x65,0x28,
  0x31,0x68,0x28,0x22,0x4e,0xfc,0x20,0x31,0x24,0xd5,0xe8,0x31,0x69,0x7a,0x31,0x79,0x28,0x31,0x7d,0x28,0x31,0x6c,0x7e,
  0x9a,0x7f,0x31,0x34,0x78,0x34,0x6d,0x29,0x31,0x71,0x29,0x31,0x71,0x85,0x31,0x79,0x29,0x31,0x6a,0x88,0x31,0x35,0x8d,
  0x52,0x31,0x65,0x2a,0x31,0x75,0x8c,0x31,0x6c,0x2a,0x2,0x31,0x36,0x31,0x2c,0x20,0x99,0x90,0x31,0x79,0x2a,0x31,0x79,
  0x93,0x31,0x61,0x2b,0x31,0x71,0x96,0x31,0x6a,0x2b,0x31,0x37,0x68,0x4,0xa1,0x2c,0x31,0x74,0x2b,0x3,0x31,0x37,0x35,0x2c,
  0x20,0x31,0x7f,0x2b,0x31,0x37,0x38,0x24,0xf8,0x7a,0x29,0x18,0xf0,0x25,0xfc,0xd0,0xa8,0xa8,0x4,0x62,0x54,0x6f,0x42,
  0x6c,0x75,0x65,0x30,0xe,0x15,0x32,0x32,0xae,0x7b,0x32,0x32,0x9f,0x29,0x2d,0x32,0x32,0x24,0xd9,0x7c,0x32,0xa7,0x24,
  0x2d,0x32,0x32,0xb5,0x77,0x32,0x14,0xab,0x34,0x2d,0x32,0x31,0x96,0x17,0x2d,0x32,0xcd,0x8b,0x32,0xd6,0x5c,0x32,0x31,
  0x9b,0x51,0x2d,0x32,0x30,0x23,0x47,0xed,0x2d,0x32,0x30,0xdd,0xa,0x30,0xdd,0x5,0x30,0x96,0x5b,0x2d,0x32,0x14,0xff,0x39,
  0x2d,0x32,0x30,0xbe,0xa,0x31,0x39,0x9a,0x3f,0x2d,0x31,0xce,0x8c,0x31,0x39,0xbe,0x10,0x31,0x39,0xbd,0x10,0x31,0x23,
  0xdc,0xed,0x1,0x9,0x2d,0x31,0x39,0xdc,0x5,0xbb,0x45,0x2d,0x31,0x38,0xbe,0xa,0x31,0x38,0xbd,0xa,0x31,0x14,0x16,0x3b,
  0x2d,0x31,0x24,0x7c,0xf2,0x8c,0xc3,0x1,0xd,0xa,0x9,0x2d,0x78,0x23,0xbc,0x0,0xdd,0xa,0x37,0xdc,0x5,0xbd,0x28,0x2d,0x64,
  0x2b,0x9d,0x3,0x36,0xdd,0x10,0x36,0xbc,0x16,0x60,0x30,0xbc,0x2,0xdd,0x10,0x36,0xbd,0x1b,0x31,0x25,0xd0,0x87,0x64,0x37,
  0x9c,0x3,0xb5,0x39,0x2d,0x68,0x3b,0xbc,0x1,0x85,0x4b,0x2d,0x70,0x3e,0x9d,0x1,0x34,0xbc,0x21,0x6c,0x42,0xbc,0x1,0xdc,
  0x10,0x24,0x39,0xf2,0x2d,0x7c,0x47,0xbc,0x2,0xdc,0x1b,0xb1,0x74,0x2d,0x74,0x4d,0x9c,0x2,0x14,0xc9,0x5,0x2d,0x7c,0x50,
  0xbc,0x1,0xdc,0x10,0xcc,0x93,0x6c,0x56,0x9d,0x2,0x32,0xdc,0x21,0x14,0xf1,0x40,0x2d,0xc6,0x5c,0x2d,0x31,0xdc,0x37,0x6c,
  0x5f,0x9d,0x4,0x31,0xdd,0x1b,0x31,0xdc,0x10,0xdc,0x37,0x6c,0xc4,0xbc,0x3,0xdd,0x10,0x30,0xdc,0x21,0xdc,0x37,0xde,0x6d,
  0x2d,0x31,0x24,0xf7,0x8c,0x2d,0x31,0x30,0xbd,0x10,0x39,0xb8,0x1b,0xd5,0x37,0x39,0xb1,0x10,0x39,0xac,0x2c,0x24,0xe9,
  0x8d,0x2d,0xc4,0x37,0x24,0x9e,0xf9,0x2d,0x38,0xbd,0xf,0x38,0xb8,0xf,0xd5,0x36,0x38,0xb0,0x26,0xe4,0xc5,0xa8,0xf,0x24,
  0x19,0xf7,0x2d,0xc0,0x36,0x14,0xee,0x7,0x2d,0x37,0xb9,0xe,0x36,0xb8,0xe,0xd1,0x35,0x36,0xb8,0xe,0xd1,0xf9,0x36,0xb0,
  0x9,0x24,0xf9,0x8e,0x2d,0x14,0x86,0x8,0x2d,0x35,0xb8,0xe,0xa0,0x9a,0x7c,0xc5,0x71,0x1d,0x35,0xb1,0x9,0x35,0xa8,0x1e,
  0x13,0xea,0x8,0x9,0x2d,0xe8,0xc6,0xad,0x18,0x34,0xb9,0x3f,0x34,0xa4,0x5,0xa1,0x7f,0x2d,0x24,0xa5,0x90,0x2d,0xc9,0x33,
  0x33,0xa5,0x5,0x33,0xb8,0xe,0xd4,0xf7,0x14,0x49,0x43,0x2d,0xf4,0x6b,0xb4,0x1d,0xec,0x6b,0xb0,0x9,0x14,0x1d,0x44,0x2d,
  0xc0,0x6b,0xdc,0x6a,0xd8,0x6a,0x13,0xa9,0x40,0x9,0x6c,0xc7,0x7c,0x14,0xb0,0x1d,0xc4,0x18,0x75,0xa5,0x2d,0xa8,0xe,0x84,
  0xe,0x90,0x17,0x84,0x1,0x90,0x2,0x84,0xd,0x88,0x5,0x94,0x6,0xb8,0x72,0xb8,0x9,0xac,0xb,0xa0,0xd,0xb4,0xe,0xa8,0x10,
  0xc4,0xc9,0x84,0x1d,0xb8,0x80,0xb8,0x16,0xac,0x18,0xa0,0x1a,0xb4,0x1b,0xa8,0x1d,0xbc,0x1e,0xb0,0x20,0xa4,0x22,0xb8,
  0x23,0xac,0x25,0xa0,0x5b,0xb4,0x28,0xa8,0x2a,0xbc,0x2b,0xb0,0x2d,0x24,0x6c,0xfd,0xb8,0x30,0xac,0x32,0xa0,0x34,0xb4,
  0x35,0xa8,0x37,0xbc,0x38,0xb0,0x3a,0xa4,0x3c,0xb8,0x3d,0xac,0x3f,0xa0,0x41,0xb4,0x42,0xa8,0x44,0x15,0xf0,0x1,0x80,
  0x21,0xa4,0x49,0xb8,0x4a,0xac,0x4c,0xa0,0x4e,0xb4,0x4f,0xa8,0x51,0xbc,0x52,0xb0,0x54,0xa4,0x56,0xb8,0x57,0xac,0x59,
  0xc4,0x5b,0xc0,0x5d,0xdd,0x5e,0x31,0xb8,0x60,0x64,0xcd,0x22,0x11,0x99,0x31,0x8c,0xd,0xcd,0x66,0x31,0xa8,0x68,0x70,
  0xcd,0x8c,0x3,0x90,0x2f,0xdc,0x6d,0xd8,0x6f,0xd5,0x71,0x31,0xb0,0x73,0x70,0xcd,0x64,0x5,0xbc,0x2b,0x60,0xce,0x75,0x1,
  0x33,0x94,0x42,0xdc,0x7c,0x64,0xce,0x90,0x2,0x85,0x5b,0x31,0xb0,0x82,0x60,0xce,0x71,0x2,0x34,0x94,0x3d,0x7c,0xcd,0x94,
  0x1,0x84,0x3e,0xdd,0x8b,0x31,0xb8,0x8d,0xd4,0x8f,0x16,0xed,0x4d,0x35,0x84,0x43,0x27,0xe0,0x19,0x98,0x6b,0xc0,0x99,
  0x7c,0xce,0x74,0x8,0x24,0x98,0x25,0xd4,0x9e,0x60,0xcf,0x90,0x2,0xa5,0x5,0x37,0xb4,0x1d,0xa4,0xa6,0x64,0xcf,0x6c,0x3,
  0x14,0x9c,0x17,0xd8,0xab,0x22,0x24,0x2e,0x70,0x2,0xb0,0xaf,0xcc,0xb1,0xc8,0xb3,0xc5,0xb5,0x31,0xa0,0xb7,0xdc,0xb8,
  0xd8,0xba,0xd4,0xbc,0xd0,0xbe,0xcc,0xc0,0xc8,0xc2,0xc4,0xc4,0xc1,0xc6,0x32,0xbd,0xc7,0x32,0xbc,0x30,0xd4,0xcb,0xd0,
  0xcd,0xcc,0xcf,0xc8,0xd1,0xc4,0xd3,0xc0,0xd5,0xdc,0xd6,0xd8,0xd8,0xd4,0xda,0xd0,0xdc,0xac,0xde,0x3c,0xe0,0x1c,0x5,
  0x72,0x54,0x6f,0x47,0x72,0x65,0x65,0x6e,0x2f,0xe4,0x1c,0x2,0x35,0x39,0x39,0x30,0x36,0xb1,0xbf,0x35,0x13,0x24,0x1a,
  0x8e,0x2c,0x35,0x38,0x22,0x58,0xcd,0x9c,0x33,0x2,0x35,0x38,0x35,0x30,0x32,0xc8,0x5f,0x1,0x38,0x30,0x33,0x34,0xcc,0x61,
  0x1,0x37,0x35,0x36,0x36,0xb0,0x63,0x1,0x35,0x37,0x30,0x39,0x15,0x59,0xa,0x35,0x22,0x48,0xc6,0xb8,0x3a,0x3,0x35,0x36,
  0x31,0x36,0x32,0x34,0x87,0x2e,0x35,0x35,0x36,0x64,0xb,0x63,0x7e,0x35,0x35,0x32,0x22,0x5c,0xe8,0x88,0x1,0x1,0x34,0x37,
  0x35,0x38,0xa0,0x71,0x2,0x35,0x34,0x32,0x39,0x30,0xa4,0x73,0x2,0x35,0x33,0x38,0x32,0x32,0xa8,0x75,0x22,0xfd,0xc9,0x34,
  0xac,0x4b,0x2,0x35,0x32,0x38,0x38,0x36,0xa4,0xc3,0x2,0x35,0x32,0x34,0x31,0x38,0xbc,0x4f,0x22,0x5d,0xce,0x30,0xbe,0xfb,
  0x35,0x31,0x12,0x30,0x2,0xb4,0xd,0x22,0x24,0xf1,0xb8,0x82,0x2,0x35,0x30,0x35,0x34,0x36,0xbf,0x84,0x35,0x30,0x30,0x12,
  0x3c,0x20,0x60,0xf,0x2,0x34,0x39,0x36,0x31,0x30,0xa5,0x89,0x34,0x22,0x34,0xef,0xb0,0x60,0x2,0x34,0x38,0x36,0x37,0x34,
  0xb0,0xc5,0x2,0x34,0x38,0x32,0x30,0x36,0xa0,0x34,0x12,0xe5,0x1f,0x38,0xab,0x36,0x34,0x37,0x32,0x16,0x4,0x5b,0x1,0x34,
  0x36,0x38,0x30,0xd8,0x3a,0x2,0x34,0x36,0x33,0x33,0x33,0xac,0xff,0x2,0x34,0x35,0x38,0x36,0x35,0xbf,0x70,0x34,0x35,0x33,
  0x12,0x70,0x12,0x96,0xd,0x34,0x39,0x22,0xb8,0xe6,0xaa,0x1,0x34,0x36,0xdc,0x46,0x2,0x34,0x33,0x39,0x39,0x33,0xa4,0x49,
  0x2,0x34,0x33,0x35,0x32,0x35,0x24,0x14,0x20,0x22,0xd,0xf1,0x37,0x24,0x20,0x20,0x2,0x34,0x32,0x35,0x38,0x39,0xb0,0x80,
  0x2,0x34,0x32,0x31,0x32,0x31,0xa8,0xca,0x1,0x34,0x31,0x36,0x35,0x15,0x8c,0x12,0x22,0x44,0xe8,0x15,0x88,0x10,0x2,0x34,
  0x30,0x37,0x31,0x37,0xa0,0x89,0x2,0x34,0x30,0x32,0x34,0x39,0xa0,0x5c,0x1,0x33,0x39,0x37,0x38,0x25,0x54,0x20,0x2,0x33,
  0x39,0x33,0x31,0x33,0x24,0x60,0x20,0x2,0x33,0x38,0x38,0x34,0x35,0xa8,0x92,0x2,0x33,0x38,0x33,0x37,0x37,0xac,0x94,0x2,
  0x33,0x37,0x39,0x30,0x39,0xb1,0x96,0x33,0x22,0xe8,0xd8,0xb4,0x98,0x2,0x33,0x36,0x39,0x37,0x33,0xbb,0x9a,0x33,0x36,
  0x35,0x22,0xc8,0xd4,0x74,0x18,0x12,0xad,0x5f,0x37,0xa5,0x71,0x33,0x64,0x3b,0x14,0xc,0x24,0x1,0x33,0x35,0x31,0x30,0x22,
  0x94,0x28,0x1,0xd,0xa,0x9,0x33,0x6c,0x22,0xb5,0x44,0x33,0x60,0x16,0xb5,0x44,0x33,0x74,0x9,0xac,0xaa,0x2,0x33,0x33,
  0x32,0x32,0x39,0xb4,0x44,0x1,0x33,0x32,0x37,0x36,0xd8,0x81,0x71,0x2,0x33,0xa0,0x84,0x1,0x33,0x31,0x38,0x32,0x15,0xd8,
  0x24,0x2,0x33,0x31,0x33,0x35,0x37,0xb4,0x44,0x2,0x33,0x30,0x38,0x38,0x39,0xb4,0x44,0x1,0x33,0x30,0x34,0x32,0x22,0x6c,
  0x2b,0x5,0xd,0xa,0x9,0x32,0x39,0x39,0x35,0x33,0xb4,0x44,0x2,0x32,0x39,0x34,0x38,0x35,0xb4,0x44,0x2,0x32,0x39,0x30,
  0x31,0x37,0xb4,0x44,0x2,0x32,0x38,0x35,0x34,0x39,0xb4,0x44,0x1,0x32,0x38,0x30,0x38,0xc4,0x99,0x7d,0xe,0x33,0xb4,0x44,
  0x2,0x32,0x37,0x31,0x34,0x35,0xb4,0x44,0x2,0x32,0x36,0x36,0x37,0x37,0xbb,0xcb,0x32,0x36,0x32,0x22,0xf0,0xef,0x64,0x1e,
  0x2,0x32,0x35,0x37,0x34,0x31,0xb4,0x44,0x2,0x32,0x35,0x32,0x37,0x33,0xb4,0x44,0x2,0x32,0x34,0x38,0x30,0x35,0xb6,0x44,
  0x32,0x34,0x22,0x90,0xfa,0x80,0x67,0x2,0x32,0x33,0x38,0x36,0x39,0x24,0x6c,0x28,0x1,0x32,0x33,0x34,0x30,0x22,0xc8,0x2f,
  0x70,0x14,0x1,0x32,0x39,0x33,0x32,0xb4,0x44,0x2,0x32,0x32,0x34,0x36,0x34,0xb4,0x44,0x2,0x32,0x31,0x39,0x39,0x36,0xb8,
  0xb7,0x2,0x32,0x31,0x35,0x32,0x38,0xbe,0xb9,0x32,0x31,0x23,0x1c,0xe9,0x80,0xf,0x1,0x30,0x35,0x39,0x32,0xb5,0x44,0x32,
  0x22,0x30,0xf4,0xb4,0x44,0x2,0x31,0x39,0x36,0x35,0x36,0xb4,0x44,0x2,0x31,0x39,0x31,0x38,0x38,0xb4,0x44,0x2,0x31,0x38,
  0x37,0x32,0x30,0xb4,0x44,0x75,0x27,0x32,0xb0,0xc9,0x2,0x31,0x37,0x37,0x38,0x34,0xb4,0xcb,0x22,0x29,0xe4,0x36,0xb4,
  0x44,0x2,0x31,0x36,0x38,0x34,0x38,0xb4,0x44,0x2,0x31,0x36,0x33,0x38,0x30,0xc0,0xa3,0x1,0x35,0x39,0x31,0x32,0xb4,0x44,
  0x2,0x31,0x35,0x34,0x34,0x34,0xb4,0x44,0x2,0x31,0x34,0x39,0x37,0x36,0xb4,0x44,0x2,0x31,0x34,0x35,0x30,0x38,0xb6,0x44,
  0x31,0x34,0x22,0x10,0xd8,0x9c,0x6d,0x61,0x34,0x32,0xb4,0x44,0x2,0x31,0x33,0x31,0x30,0x34,0xac,0x89,0x23,0xf8,0xf7,
  0xb4,0x44,0x2,0x31,0x32,0x31,0x36,0x38,0xb4,0x44,0x2,0x31,0x31,0x37,0x30,0x30,0xac,0x89,0x1,0x31,0x31,0x32,0x33,0x14,
  0x94,0x2b,0x22,0x36,0xad,0x36,0x34,0xb4,0x44,0x2,0x31,0x30,0x32,0x39,0x36,0xb4,0x44,0x1,0x39,0x38,0x32,0x38,0xb0,0x44,
  0x1,0x39,0x33,0x36,0x30,0xa4,0x89,0x1,0x38,0x38,0x39,0x32,0xa8,0x44,0x22,0xa8,0xe2,0x14,0x60,0x2d,0x1,0x37,0x39,0x35,
  0x36,0xa0,0x44,0x1,0x37,0x34,0x38,0x38,0xbc,0x43,0x1,0x37,0x30,0x32,0x30,0xb1,0x88,0x36,0x64,0x8e,0x98,0xbf,0x1,0x36,
  0x30,0x38,0x34,0xb0,0x43,0xa8,0x93,0x60,0x2c,0xb8,0x86,0x64,0x1,0xa8,0x7a,0x84,0x1,0x98,0x6d,0x64,0x1,0xa8,0x61,0x84,
  0x1,0x78,0x45,0xbc,0x3b,0x88,0x48,0x6c,0x2,0xb8,0x3b,0x64,0x1,0xa8,0x2f,0x84,0x1,0x98,0x22,0x64,0x1,0x8c,0x16,0x60,
  0x1,0x80,0xb,0x60,0x1,0x91,0x25,0x2d,0x27,0x39,0x0,0x2d,0x27,0x85,0x0,0x2d,0xb0,0x29,0x6d,0x4,0x2d,0x28,0x29,0x1,0x2d,
  0x28,0x7d,0x1,0x2d,0xbc,0x56,0x80,0x4,0xa0,0x66,0xa8,0x1,0x84,0x75,0x88,0x1,0xa8,0x84,0xa8,0x1,0x8c,0x93,0x88,0x1,
  0x28,0x75,0x3,0x2d,0x28,0xc9,0x3,0x2d,0x28,0x1d,0x4,0x2d,0x28,0x71,0x4,0x2d,0x28,0xc5,0x4,0x2d,0x28,0x19,0x5,0x2d,
  0x28,0x6d,0x5,0x2d,0x28,0xc1,0x5,0x2d,0x28,0x14,0x6,0xb0,0x18,0xa4,0x1b,0x28,0xbd,0x6,0x2d,0x29,0x14,0x7,0x22,0x4c,
  0xb6,0xf0,0x3b,0x22,0x0,0x47,0xed,0x3e,0x2d,0x29,0x29,0x8,0x2d,0x29,0x85,0x8,0x2d,0x29,0xe1,0x8,0x2d,0x29,0x3d,0x9,
  0x2d,0x29,0x98,0x9,0xc0,0x26,0xb8,0xe,0x29,0x51,0xa,0x2d,0x29,0xac,0xa,0x22,0x20,0x33,0xea,0x58,0x2d,0x31,0x28,0x64,
  0xb,0x22,0x88,0x4c,0xe1,0x5e,0x2d,0x29,0x1d,0xc,0x2d,0x29,0x78,0xc,0x22,0xb0,0x35,0xf5,0x66,0x2d,0x29,0x30,0xd,0xd4,
  0x33,0xdc,0xe,0x28,0xe9,0xd,0x2d,0x29,0x45,0xe,0x2d,0x29,0xa2,0xe,0x2d,0x32,0x28,0xfd,0xe,0x2d,0x29,0x59,0xf,0x2d,
  0x29,0xb5,0xf,0x2d,0x29,0x11,0x10,0x2d,0x29,0x6e,0x10,0x2d,0x32,0x28,0xc8,0x10,0xc8,0x41,0xbc,0xe,0x29,0x81,0x11,0x2d,
  0x29,0xdd,0x11,0x2d,0x29,0x39,0x12,0x2d,0x29,0x95,0x12,0x2d,0x29,0xf1,0x12,0x2d,0x29,0x4d,0x13,0x2d,0x29,0xa9,0x13,
  0x2d,0x29,0x5,0x14,0x2d,0x64,0x5d,0xc0,0xa3,0xdc,0x4e,0xdc,0xe,0x28,0x19,0x15,0x2d,0x29,0x75,0x15,0x2d,0x29,0xd1,0x15,
  0x2d,0x29,0x2d,0x16,0x2d,0x29,0x89,0x16,0x2d,0x29,0xe5,0x16,0x2d,0x29,0x41,0x17,0x2d,0x29,0x9d,0x17,0x2d,0x29,0xf9,
  0x17,0x2d,0xb0,0x5c,0xbc,0xe,0x29,0xb1,0x18,0x2d,0x29,0xd,0x19,0x2d,0x29,0x69,0x19,0x2d,0x29,0xc5,0x19,0x2d,0x29,0x21,
  0x1a,0x2d,0x29,0x7d,0x1a,0x2d,0x29,0xd9,0x1a,0x2d,0x29,0x35,0x1b,0x2d,0x78,0xd2,0xd1,0xdc,0x2d,0xa0,0x7e,0xdc,0xe,
  0x28,0x49,0x1c,0x2d,0x29,0xa5,0x1c,0x2d,0x29,0x1,0x1d,0x2d,0x29,0x5d,0x1d,0x2d,0x29,0xb9,0x1d,0x2d,0x29,0x15,0x1e,
  0x2d,0x29,0x71,0x1e,0x2d,0x29,0xcd,0x1e,0x2d,0x64,0xe3,0xc9,0xf9,0x2d,0xb8,0x77,0xbc,0xe,0x29,0xe1,0x1f,0x2d,0x29,
  0x3d,0x20,0x2d,0x29,0x99,0x20,0x2d,0x29,0xf5,0x20,0x2d,0x60,0xb5,0x25,0x52,0x21,0x2d,0x34,0x28,0xad,0x21,0x2d,0x29,
  0x9,0x22,0x2d,0x29,0x65,0x22,0x2d,0x70,0xf3,0x25,0xc0,0x22,0xb0,0x91,0x25,0x0,0x43,0x29,0x79,0x23,0x2d,0x29,0xd5,0x23,
  0x2d,0x29,0x31,0x24,0x2d,0x29,0x8d,0x24,0x2d,0x29,0xe9,0x24,0x2d,0x29,0x45,0x25,0x2d,0x29,0xa1,0x25,0x2d,0x29,0xfd,
  0x25,0x2d,0x22,0x7d,0x20,0x34,0xa1,0xee,0x2d,0xa0,0x93,0xbc,0x1d,0x29,0x11,0x27,0x2d,0x29,0x6d,0x27,0x2d,0x29,0xc9,
  0x27,0x2d,0x29,0x25,0x28,0x2d,0x29,0x81,0x28,0x2d,0x29,0xde,0x28,0x2d,0x35,0x28,0x39,0x29,0x2d,0x6d,0xbe,0x36,0xb5,
  0xc3,0x2d,0x22,0x89,0x22,0x34,0xac,0xc6,0xd4,0xa0,0xdc,0xe,0x28,0xa9,0x2a,0x2d,0x29,0x6,0x2b,0x2d,0x35,0x28,0x62,0x2b,
  0x2d,0x35,0x28,0xbd,0x2b,0x2d,0x29,0x19,0x2c,0x2d,0x29,0x75,0x2c,0x2d,0x28,0xd0,0x2c,0x3c,0x1,0x2e,0x62,0x36,0x0,0x2e,
  0x12,0x21,0x81,0x36,0xa0,0xf7,0x1,0x32,0x38,0x39,0x37,0x25,0x50,0x35,0x2,0x32,0x38,0x37,0x34,0x35,0xaa,0xf4,0x32,0x38,
  0x12,0x30,0x3b,0x8d,0xd8,0x32,0x12,0xc4,0x18,0xb0,0xf1,0x12,0xe9,0xe,0x39,0x25,0x50,0x22,0x1,0x37,0x38,0x34,0x33,0xb8,
  0xee,0x76,0x77,0x38,0x30,0x23,0xdc,0x2e,0x12,0xa4,0x3b,0xc0,0xec,0x1,0x32,0x37,0x31,0x36,0x26,0xa1,0x21,0x36,0x12,
  0x90,0x16,0x88,0x20,0x1,0x32,0x36,0x37,0x31,0x25,0xe3,0x29,0x32,0x36,0x34,0x26,0x3,0x2e,0x32,0x36,0x32,0x12,0x3c,0x3d,
  0x61,0xc8,0x32,0x12,0x68,0x2e,0x25,0x10,0x25,0x1,0x35,0x38,0x31,0x33,0x24,0x9a,0x20,0x32,0x35,0x12,0xb0,0x1,0x23,0x3c,
  0x37,0x22,0x91,0x26,0x32,0x24,0x42,0x20,0x32,0x35,0x7c,0x3,0xb3,0x14,0x34,0x39,0x31,0x25,0x18,0x49,0x2,0x32,0x34,0x36,
  0x38,0x36,0xa0,0x4c,0x2,0x32,0x34,0x34,0x36,0x30,0xb0,0xfc,0x2,0x32,0x34,0x32,0x33,0x34,0x25,0xb3,0x23,0x34,0x30,0x30,
  0x15,0x60,0x4d,0x2,0x32,0x33,0x37,0x38,0x33,0x24,0x58,0x23,0x2,0x32,0x33,0x35,0x35,0x38,0xbf,0xf7,0x32,0x33,0x33,0x74,
  0x81,0x98,0x11,0x1,0x33,0x31,0x30,0x37,0x25,0x23,0x27,0x32,0x38,0x38,0x22,0x40,0x51,0x23,0x6b,0x25,0x36,0x35,0x36,
  0x25,0xc8,0x26,0x1,0x32,0x34,0x33,0x30,0x24,0xeb,0x2a,0x32,0x32,0x32,0x27,0x70,0x26,0x1,0x31,0x39,0x37,0x39,0x24,0xf8,
  0x21,0x1,0x32,0x31,0x37,0x35,0xcc,0x5f,0x88,0xb0,0x24,0xa0,0x21,0x22,0x25,0x29,0x32,0x24,0x44,0x3d,0x2,0x32,0x31,0x30,
  0x37,0x37,0xa2,0x47,0x32,0x30,0x12,0x78,0xe,0xa5,0x29,0x30,0x12,0x8,0x33,0xae,0x1b,0x30,0x34,0x22,0xd0,0xf8,0x98,0x11,
  0x1,0x30,0x31,0x37,0x35,0x24,0x54,0x4a,0x2,0x31,0x39,0x39,0x34,0x39,0x25,0xb9,0x24,0x39,0x12,0x5c,0x3,0x98,0x6,0x1,
  0x31,0x39,0x34,0x39,0x16,0x61,0x4f,0x39,0x22,0xd8,0x28,0x23,0x0,0x21,0x2,0x31,0x39,0x30,0x34,0x37,0x25,0x8,0x24,0x1,
  0x38,0x38,0x32,0x31,0x24,0x28,0x28,0x2,0x31,0x38,0x35,0x39,0x36,0x24,0xb4,0x23,0x2,0x31,0x38,0x33,0x37,0x30,0x24,0xd3,
  0x27,0x31,0x38,0x31,0x12,0x50,0x10,0x74,0xd,0x12,0xe5,0x8,0x39,0xb4,0x44,0x1,0x31,0x37,0x36,0x39,0x25,0x24,0x23,0x1,
  0x31,0x37,0x34,0x36,0x26,0x23,0x27,0x37,0x32,0x34,0xdc,0xb6,0x1,0x31,0x37,0x30,0x31,0x25,0x60,0x2f,0x13,0x70,0x41,
  0xb4,0x44,0x1,0x31,0x36,0x35,0x36,0x25,0xa0,0x37,0x1,0x31,0x36,0x33,0x34,0x22,0x8,0x5a,0x22,0xa9,0x3b,0x36,0x6c,0x35,
  0x8c,0x1b,0x2,0x31,0x35,0x38,0x38,0x39,0x24,0x39,0x2a,0x31,0x22,0x70,0x37,0x24,0xc8,0x25,0x2,0x31,0x35,0x34,0x33,0x38,
  0x25,0xe0,0x29,0x1,0x35,0x32,0x31,0x33,0x24,0x80,0x25,0x2,0x31,0x34,0x39,0x38,0x37,0x25,0x8a,0x29,0x34,0x37,0x12,0xf0,
  0x17,0x92,0x14,0x34,0x35,0x12,0x98,0x8f,0xaa,0x1,0x33,0x31,0x22,0xc4,0x5a,0x68,0xc,0x1,0x34,0x30,0x38,0x35,0xb6,0x44,
  0x31,0x33,0x78,0x41,0xb4,0xd,0x12,0x24,0x15,0x25,0x80,0x28,0x1,0x33,0x34,0x30,0x39,0xb4,0x44,0x2,0x31,0x33,0x31,0x38,
  0x33,0xb4,0x44,0x1,0x31,0x32,0x39,0x35,0x15,0x64,0x44,0x12,0xd5,0x46,0x32,0xac,0x78,0x1,0x31,0x32,0x35,0x30,0x26,0xf3,
  0x2b,0x32,0x32,0x38,0x25,0x10,0x30,0x12,0x8c,0x8e,0x25,0x30,0x34,0x12,0x10,0x6,0x25,0x52,0x38,0x31,0x31,0x64,0x4e,
  0xb4,0xd,0x1,0x31,0x33,0x37,0x39,0xb5,0x44,0x31,0x12,0xe0,0x44,0xb7,0x44,0x31,0x30,0x39,0x78,0x68,0x9c,0x15,0x1,0x30,
  0x37,0x30,0x32,0xb4,0x44,0x2,0x31,0x30,0x34,0x37,0x36,0x24,0xb0,0x2e,0x1,0x31,0x30,0x32,0x35,0x26,0x7c,0x42,0x1,0x30,
  0x30,0x32,0x35,0xb4,0x44,0x1,0x39,0x38,0x30,0x30,0xb0,0x44,0x2,0x39,0x35,0x37,0x34,0x38,0x91,0x3d,0x39,0x64,0x5a,0x88,
  0xd,0x1,0x39,0x31,0x32,0x33,0x24,0x99,0x2d,0x38,0x22,0x4,0x37,0x88,0x6d,0x1,0x38,0x36,0x37,0x32,0xbc,0x43,0x1,0x38,
  0x34,0x34,0x37,0x24,0xef,0x39,0x38,0x32,0x32,0x25,0xf0,0x55,0x1,0x37,0x39,0x39,0x36,0x24,0x8f,0x39,0x37,0x37,0x37,
  0x25,0x7b,0x2c,0x37,0x35,0x34,0x25,0x95,0x30,0x37,0x12,0x58,0x94,0x8d,0xc,0x37,0x68,0x65,0x8f,0xc,0x36,0x38,0x36,0x25,
  0xe8,0x3c,0x1,0x36,0x36,0x34,0x32,0xba,0x42,0x36,0x34,0x12,0xc4,0x3e,0x6c,0x19,0x1,0x36,0x31,0x39,0x31,0xa8,0x87,0x1,
  0x35,0x39,0x36,0x36,0xac,0xae,0x1,0x35,0x37,0x34,0x30,0xa0,0x87,0x1,0x35,0x35,0x31,0x35,0xa4,0x42,0x22,0xc8,0x31,0xb8,
  0x86,0x1,0x35,0x30,0x36,0x34,0xb5,0x86,0x34,0x6c,0x70,0x8c,0xc,0x1,0x34,0x36,0x31,0x32,0xb4,0x41,0x1,0x34,0x33,0x38,
  0x37,0xb3,0x41,0x34,0x31,0x36,0x25,0x18,0x44,0x1,0x33,0x39,0x33,0x36,0xa8,0x41,0x1,0x33,0x37,0x31,0x30,0xa5,0x41,0x33,
  0x22,0xf8,0x35,0x90,0x5c,0x1,0x33,0x32,0x35,0x39,0xb6,0x85,0x33,0x30,0x60,0xf5,0x74,0x12,0x22,0x10,0x2b,0xb4,0x40,
  0x12,0xc0,0x8,0x25,0xe,0x35,0x33,0x35,0x25,0x2b,0x39,0x32,0x31,0x33,0x25,0x45,0x3d,0x31,0x12,0xdc,0x11,0x98,0x8b,0x1,
  0x31,0x36,0x38,0x30,0xb8,0x84,0x12,0x90,0x5e,0xfe,0x3f,0x32,0x39,0xb0,0x84,0x1,0x31,0x30,0x30,0x34,0xaf,0x84,0x37,
  0x37,0x38,0x24,0x8b,0x33,0x35,0x35,0x33,0xbc,0x83,0x68,0x86,0x92,0x18,0x31,0x30,0x25,0x1a,0x45,0x2d,0x31,0x22,0x3c,
  0x2d,0x7c,0x10,0x1,0x2d,0x33,0x34,0x38,0xbf,0x1a,0x2d,0x35,0x37,0x25,0x37,0x43,0x2d,0x38,0x30,0x15,0x70,0x9a,0x22,
  0xed,0x2a,0x35,0xb0,0x22,0x2,0x2d,0x31,0x32,0x35,0x31,0xa7,0x25,0x2d,0x31,0x34,0x26,0x10,0x34,0x2,0x2d,0x31,0x37,0x30,
  0x32,0xad,0x2a,0x2d,0x13,0xd4,0x31,0x88,0x33,0x2,0x2d,0x32,0x31,0x35,0x33,0x24,0x75,0x31,0x2d,0x60,0x99,0xa9,0x32,
  0x2d,0x13,0x3c,0x19,0x85,0x22,0x2d,0x68,0xb7,0xb4,0x7a,0x2,0x2d,0x33,0x30,0x35,0x35,0xac,0x7d,0x2,0x2d,0x33,0x32,0x38,
  0x30,0xa4,0x80,0x2,0x2d,0x33,0x35,0x30,0x36,0xbc,0x82,0x1,0x2d,0x33,0x37,0x33,0x25,0x9c,0x48,0x2,0x2d,0x33,0x39,0x35,
  0x37,0x24,0x70,0x35,0x2,0x2d,0x34,0x31,0x38,0x33,0xaa,0x47,0x2d,0x34,0x12,0x74,0x52,0x8c,0x24,0x2,0x2d,0x34,0x36,0x33,
  0x34,0xb4,0x90,0x2,0x2d,0x34,0x38,0x35,0x39,0xa4,0x4f,0x2,0x2d,0x35,0x30,0x38,0x35,0x24,0x52,0x3c,0x2d,0x35,0x12,0x18,
  0x14,0xb3,0x14,0x35,0x35,0x33,0x27,0x59,0x1c,0x37,0x26,0x28,0x42,0x2,0x2d,0x35,0x39,0x38,0x37,0xa4,0xa1,0x1,0x2d,0x36,
  0x32,0x31,0x25,0x98,0x3a,0x22,0x20,0xe6,0x25,0xd0,0x36,0x2,0x2d,0x36,0x36,0x36,0x34,0x24,0xa3,0x3b,0x2d,0x36,0x38,
  0x12,0xc0,0x46,0x98,0x28,0x12,0x0,0x52,0xa6,0x6a,0x2d,0x37,0x12,0xb4,0x22,0x9d,0x2d,0x2d,0x74,0xe7,0xae,0x30,0x2d,
  0x37,0x12,0xb0,0x1b,0xb0,0x14,0x1,0x38,0x30,0x31,0x37,0xac,0x35,0x2,0x2d,0x38,0x32,0x34,0x32,0xa0,0x38,0x2,0x2d,0x38,
  0x34,0x36,0x38,0xb4,0x3a,0x2,0x2d,0x38,0x36,0x39,0x33,0xa8,0x3d,0x2,0x2d,0x38,0x39,0x31,0x39,0xa5,0x80,0x2d,0x12,0xd4,
  0x22,0xbe,0x82,0x2d,0x39,0x13,0x0,0x9f,0x80,0xf,0x12,0xf0,0x19,0xb9,0x47,0x2d,0x13,0xe4,0x9f,0xac,0x1b,0x79,0x41,0x37,
  0x24,0x14,0x3f,0x6c,0x38,0x22,0xb0,0x46,0x96,0x5,0x31,0x30,0x12,0x84,0x9d,0xac,0x30,0x7c,0xc7,0x26,0xcc,0x25,0x1,0x31,
  0x30,0x39,0x34,0x25,0x34,0x41,0x3,0x2d,0x31,0x31,0x31,0x37,0x34,0xac,0x9c,0x22,0xb1,0x79,0x30,0x25,0xb4,0x39,0x3,0x2d,
  0x31,0x31,0x36,0x32,0x35,0xcf,0x45,0x31,0x31,0x38,0x22,0xd8,0x22,0xac,0xa,0x1,0x32,0x30,0x37,0x37,0xbc,0x65,0x7e,0x4a,
  0x30,0x32,0x28,0xc2,0x8,0x32,0x38,0xe7,0x46,0x32,0x37,0x35,0x15,0xe0,0x58,0x3,0x2d,0x31,0x32,0x39,0x37,0x39,0xec,0x46,
  0x68,0x3b,0xb4,0x73,0x1,0x2d,0x31,0x33,0x34,0x12,0xd4,0x68,0xac,0xa,0x1,0x33,0x36,0x35,0x35,0xd8,0x46,0x2,0x31,0x33,
  0x38,0x38,0x31,0x24,0x4c,0x3b,0x3,0x2d,0x31,0x34,0x31,0x30,0x36,0xc0,0x47,0x2,0x31,0x34,0x33,0x33,0x32,0xc4,0x47,0x69,
  0x62,0x37,0xc8,0x47,0x2,0x31,0x34,0x37,0x38,0x33,0xcc,0x47,0x2,0x31,0x35,0x30,0x30,0x39,0xb4,0x89,0x1,0x2d,0x31,0x35,
  0x32,0x12,0x28,0x7b,0xbf,0xb,0x35,0x34,0x36,0x25,0xd4,0x4b,0x2,0x2d,0x31,0x35,0x36,0x38,0x25,0x10,0x48,0x23,0x6c,0x34,
  0x25,0x4c,0x44,0x1,0x2d,0x31,0x36,0x31,0x12,0x10,0x6d,0xbc,0x5,0x1,0x36,0x33,0x36,0x32,0xc8,0x48,0x2,0x31,0x36,0x35,
  0x38,0x37,0xbc,0x9c,0x22,0xce,0x34,0x31,0x33,0xb4,0x9f,0x6a,0x61,0x33,0x38,0xad,0xa2,0x2d,0x71,0x8f,0x34,0xd8,0x48,
  0x75,0x29,0x39,0xa4,0xa8,0x22,0x2d,0x35,0x31,0x15,0x9c,0x6c,0x22,0x30,0x6b,0x74,0x19,0xbc,0xb,0x1,0x38,0x31,0x36,0x36,
  0xb8,0xb0,0x2,0x2d,0x31,0x38,0x33,0x39,0x27,0x9c,0xe,0x1,0x38,0x36,0x31,0x37,0x24,0x15,0x42,0x2d,0x12,0x54,0x3e,0xc4,
  0x7a,0x22,0xe1,0x6c,0x36,0xd8,0x7c,0x7d,0x6e,0x39,0xcc,0x7f,0x2,0x2d,0x31,0x39,0x35,0x31,0xc5,0x82,0x2d,0x12,0x61,
  0x39,0x35,0xc4,0x4a,0x1,0x31,0x39,0x39,0x37,0xd4,0x87,0x22,0x4d,0x36,0x39,0x25,0xb0,0x52,0x2,0x2d,0x32,0x30,0x34,0x32,
  0xc4,0x8d,0x2,0x2d,0x32,0x30,0x36,0x34,0xdc,0x8f,0x1,0x2d,0x32,0x30,0x38,0x26,0x64,0x47,0x22,0xad,0x36,0x39,0x25,0xa1,
  0x43,0x2d,0x61,0x93,0x34,0xdc,0x4a,0x12,0xe8,0x3c,0xdc,0x9a,0x2,0x2d,0x32,0x31,0x37,0x37,0x15,0xa4,0xac,0x22,0x70,
  0x71,0x22,0x78,0x51,0x9e,0x1a,0x32,0x32,0x22,0x84,0x53,0xac,0x52,0x1,0x32,0x32,0x34,0x35,0xdc,0xa5,0x22,0x75,0xee,
  0x37,0xd4,0xa8,0x22,0x6d,0x37,0x30,0xcd,0xab,0x2d,0x12,0x49,0x43,0x38,0x24,0xb4,0x4c,0x2,0x2d,0x32,0x33,0x33,0x35,
  0xdc,0xb0,0x1,0x2d,0x32,0x33,0x35,0x22,0xf4,0x3d,0xaf,0xa,0x33,0x38,0x30,0xcc,0xb6,0x2,0x2d,0x32,0x34,0x30,0x33,0xc4,
  0xb9,0x2,0x2d,0x32,0x34,0x32,0x35,0xde,0xbb,0x2d,0x32,0x12,0xe0,0x34,0xde,0x4a,0x32,0x34,0x12,0x68,0x44,0xa9,0x6f,
  0x32,0x74,0x5c,0xdf,0x4a,0x32,0x35,0x31,0x26,0xc8,0x55,0x2,0x2d,0x32,0x35,0x33,0x38,0x25,0x6,0x52,0x2d,0x32,0x12,0x54,
  0x74,0xdc,0x4a,0x70,0xb3,0xc4,0xcf,0x79,0x97,0x36,0xdc,0xd1,0x22,0xed,0x38,0x38,0xd4,0xd4,0x2,0x2d,0x32,0x36,0x35,
  0x31,0xcc,0xd7,0x2,0x2d,0x32,0x36,0x37,0x33,0xc4,0xda,0x2,0x2d,0x32,0x36,0x39,0x36,0xdc,0xdc,0x22,0x4e,0x39,0x38,0x38,
  0xc0,0x93,0x1,0x32,0x37,0x34,0x31,0xcc,0xe2,0x22,0x7e,0x39,0x33,0x39,0xdc,0x4a,0x1,0x32,0x37,0x38,0x36,0xdc,0xe7,0x22,
  0xad,0x39,0x39,0xd4,0xea,0x2,0x2d,0x32,0x38,0x33,0x31,0xac,0xed,0x36,0x4c,0x2d,0x23,0xba,0x8e,0x20,0x6b,0x13,0x1,0x7e,
  0x4c,0x12,0x84,0x7e,0x1,0x4c,0x75,0x74,0x5b,0x22,0xb4,0xe1,0x29,0x5c,0x8d,0x84,0xef,0x20,0x0,0x0,0x0,0x0,0x0,0x0,0x0,
  0x66,0x10,0x0,0x23,0x30,0x80,0x23,0x34,0x24,0x23,0x58,0x86,0x23,0x1c,0x2e,0x23,0xa0,0x7f,0x23,0x74,0x22,0x23,0x88,
  0x81,0x23,0xe0,0x30,0x24,0x90,0x87,0x94,0xf5,0x2b,0xa8,0x87,0x94,0x6,0x24,0x98,0x31,0x24,0xa4,0x8f,0x24,0x28,0x26,
  0x24,0xf4,0x8f,0x24,0x48,0x2d,0x25,0xf0,0x87,0x8c,0x7,0x25,0x8,0x88,0x80,0xe,0x24,0x94,0x8a,0x26,0xfc,0x4a,0x22,0x20,
  0x25,0x24,0x80,0x36,0x2a,0x50,0x88,0x24,0xf4,0x91,0x24,0x69,0x32,0x33,0x8c,0x15,0x25,0x50,0x3b,0x9c,0xe,0x24,0x8,0x2e,
  0x25,0x98,0x88,0x80,0x16,0x25,0xb0,0x88,0x88,0x16,0x25,0xc8,0x88,0x9c,0xe,0x25,0xe0,0x88,0x9d,0xe,0x34,0x8c,0x7,0x24,
  0x29,0x2c,0x34,0x8c,0x1d,0x24,0x38,0x33,0x24,0x64,0xad,0x24,0xa8,0x27,0x24,0x78,0x83,0x24,0xc8,0x2e,0x25,0x40,0x89,
  0x8c,0x7,0x25,0x58,0x89,0xb8,0x24,0x8c,0x7,0x24,0x68,0x31,0x2a,0x88,0x89,0x24,0xe4,0x96,0x24,0xe8,0x2c,0x24,0x34,0x97,
  0x24,0x58,0x3d,0x24,0xe8,0x83,0x24,0x91,0x3f,0x36,0x8c,0x7,0x24,0xc8,0x41,0x25,0xe8,0x89,0x8c,0x16,0x25,0x0,0x8a,0x8c,
  0x16,0x25,0x18,0x8a,0x9c,0xe,0x2b,0x30,0x8a,0x8c,0x7,0x24,0x45,0x3d,0x37,0x84,0x34,0x24,0x79,0x3f,0x37,0x8c,0x34,0x24,
  0x28,0x29,0x24,0x80,0x84,0x24,0x48,0x30,0x25,0x90,0x8a,0x8d,0x16,0x38,0x8c,0x7,0x24,0x28,0x35,0x25,0xc0,0x8a,0x9c,0xe,
  0x2b,0xd8,0x8a,0x9c,0x2c,0x24,0xb4,0x37,0x24,0x74,0x9c,0x24,0x88,0x35,0x24,0xc4,0x9c,0x24,0x48,0x33,0x25,0x20,0x8b,
  0x8c,0x7,0x26,0x38,0x8b,0x90,0x16,0x27,0x54,0x8b,0x99,0x16,0x31,0x24,0x14,0x97,0x22,0x24,0xa5,0x22,0xa0,0x49,0x26,
  0x2c,0xa5,0x88,0x35,0x22,0x48,0xa5,0x90,0x2,0x91,0x8,0x31,0x24,0x3c,0x9f,0x25,0x3d,0x3f,0x31,0xcc,0x4c,0x24,0x38,0x3d,
  0x27,0xe0,0x8b,0x88,0x18,0x27,0xfc,0x8b,0xb4,0x8,0xc4,0x4d,0xc8,0x4d,0xac,0x4d,0x25,0xbd,0x34,0x31,0xb4,0x4d,0x27,
  0x50,0x8c,0x9c,0x3e,0x27,0x6c,0x8c,0x84,0x21,0x25,0x35,0x57,0x31,0xac,0x4e,0x25,0x91,0x9b,0x31,0xb4,0x4e,0x26,0xec,
  0x4a,0xbd,0x4e,0x31,0xa0,0x4f,0x27,0xdc,0x8c,0xac,0x11,0xac,0x4f,0x25,0x10,0x9d,0x22,0xd0,0xa6,0x64,0x1a,0x24,0x85,
  0x33,0x31,0xbc,0x4f,0x25,0xf5,0x7c,0x31,0xa4,0x50,0x25,0x18,0x9e,0x22,0x20,0xa7,0x64,0x5,0xb1,0x50,0x31,0xb4,0x50,
  0x22,0x4c,0xa7,0x90,0x2,0x8d,0x3a,0x31,0xa0,0x51,0x27,0xa0,0x8d,0xb4,0x2b,0xac,0x51,0x27,0xbc,0x8d,0xa4,0x1a,0x25,
  0x94,0x4e,0x24,0xb0,0x93,0x27,0xf4,0x8d,0xb4,0x8,0x24,0x6c,0x42,0x27,0x10,0x8e,0xb4,0x8,0xb5,0x52,0x31,0xb8,0x52,0x22,
  0x30,0xa8,0x78,0xe,0xa0,0x53,0x27,0x64,0x8e,0xb4,0x2b,0xac,0x53,0x25,0x29,0x57,0x31,0xb4,0x53,0x25,0xd0,0x82,0x22,
  0x98,0xa8,0x7c,0x6,0x24,0x4d,0x33,0x31,0xa4,0x54,0x2e,0xd4,0x8e,0xb4,0x8,0xb4,0x54,0x22,0x0,0xbd,0x80,0x6,0x9c,0x54,
  0x25,0xc4,0x84,0x25,0x1d,0xa5,0x31,0xa8,0x55,0x2e,0x44,0x8f,0xac,0x34,0xb9,0x55,0x31,0xbc,0x55,0x26,0x7c,0x8f,0xa4,
  0x56,0x25,0x64,0x65,0x27,0x98,0x8f,0xb4,0x4e,0xb5,0x56,0x31,0xb8,0x56,0x27,0xd0,0x8f,0xac,0x11,0xa4,0x57,0x25,0xed,
  0x8f,0x31,0xac,0x57,0x25,0xbd,0x39,0x32,0x24,0xac,0xa1,0x27,0x24,0x90,0x94,0x2b,0x25,0xa1,0x47,0x32,0xac,0x57,0x2e,
  0x5c,0x90,0x8c,0x57,0x27,0x78,0x90,0x94,0x2b,0x27,0x94,0x90,0x8c,0x11,0x2e,0xb0,0x90,0x84,0x1a,0x27,0xcc,0x90,0x8c,
  0x34,0x25,0xb5,0x4a,0x32,0xac,0x57,0x27,0x4,0x91,0x94,0x70,0x2e,0x20,0x91,0x94,0x4e,0x24,0x3e,0x91,0x9,0x32,0xd8,0xa5,
  0xad,0x57,0x32,0x24,0xcd,0x36,0x32,0xac,0x57,0x25,0x89,0x8e,0x32,0xad,0x57,0x32,0xad,0x57,0x32,0x15,0xc8,0x31,0xb9,
  0xa6,0x32,0xad,0x57,0x32,0x24,0xad,0x40,0x32,0xa4,0xa7,0x25,0x15,0x57,0x32,0xac,0x57,0x25,0x7d,0x90,0x32,0xac,0x57,
  0x25,0x65,0x43,0x32,0xbc,0xa7,0x14,0x7e,0x9d,0x9,0x32,0xad,0x57,0x32,0xa9,0xa8,0x32,0xac,0xa8,0x26,0x58,0x63,0xb4,
  0xa8,0x25,0x71,0x92,0x32,0xac,0x57,0x25,0x11,0x57,0x32,0xa5,0xa9,0x32,0xad,0x57,0x32,0xac,0x57,0x20,0x0,0x0,0x0,0x0,
  0x0,0x0,0x0,0x0,0x0,0x0,0x68,0x18,0x0,0x26,0x31,0x63,0x64,0x18,0x4,0x98,0x9,0x1b,0xdc,0x19,0x9,0x54,0x72,0x61,0x6e,
  0x73,0x66,0x6f,0x72,0x6d,0x59,0x43,0x62,0x23,0x9f,0xf0,0x47,0x42,0x28,0x17,0x7c,0x67,0x24,0xb0,0x63,0x23,0x20,0xf6,
  0x10,0x1,0x36,0xd7,0x5f,0x5f,0x26,0x93,0xf1,0x5f,0x65,0x78,0x15,0x71,0x34,0x2a,0x29,0x40,0x64,0x12,0x38,0x51,0x2b,
  0x78,0x64,0x1,0x20,0x2b,0x20,0x33,0x13,0xcc,0xc5,0x16,0xe2,0x3,0x20,0x3d,0x14,0xa9,0x8,0x5b,0x14,0x2c,0x55,0x22,0x82,
  0xdd,0x63,0x62,0x27,0x50,0x0,0x14,0xb0,0x10,0x91,0x2,0x72,0x27,0x51,0x0,0x32,0x13,0x48,0x12,0xa4,0x11,0x13,0xdc,0x55,
  0x29,0xc1,0x1,0x5b,0x12,0xdd,0x24,0x6b,0x90,0x17,0x26,0x93,0xf3,0x63,0x72,0x5d,0x29,0xc0,0x0,0x13,0x7c,0x56,0x2d,0xc0,
  0x0,0x23,0xc8,0xfd,0x22,0xdc,0xfa,0x1,0x20,0x20,0x28,0x28,0x90,0x7,0x29,0x96,0xc2,0x63,0x72,0x22,0xe,0xf6,0x6b,0x43,
  0x2c,0xeb,0x94,0x63,0x62,0x5d,0x23,0x2f,0xf6,0x31,0x36,0x29,0x29,0x71,0x1,0x32,0x12,0xc,0x27,0x2d,0x71,0x1,0x20,0x88,
  0x7,0x28,0xbe,0xe0,0x63,0x62,0x98,0x11,0x25,0x8c,0xf6,0x2c,0x14,0x6,0x3,0x59,0x55,0x56,0x54,0x6f,0x52,0x94,0x2e,0x2c,
  0x7c,0xfb,0x91,0x1d,0x42,0x12,0xd9,0x4,0x5b,0x12,0xf0,0x4f,0x2a,0xa8,0xfb,0x25,0x56,0xfb,0x3d,0x20,0x92,0x2,0x2a,0x2f,
  0x25,0x60,0xfb,0x20,0x1c,0x64,0x6,0x27,0x50,0xfb,0x10,0x2,0xec,0x1e,0x7f,0xc,0x3b,0x20,0x69,0x10,0x2,0xe0,0xba,0xa4,
  0x42,0x14,0x7c,0x28,0x12,0x54,0xf8,0x29,0x90,0x2,0x1,0x69,0x20,0x2a,0x20,0x13,0x84,0xde,0x68,0x2b,0x78,0x37,0x22,0x10,
  0xfd,0x9c,0x3,0xdc,0x3c,0x13,0xf0,0x3,0x2f,0xa0,0x7,0xb4,0x2,0x2e,0xa5,0x7,0x9,0xe0,0x7,0x2c,0x34,0x9,0x39,0xa8,0x7,
  0xc4,0x6,0x32,0xac,0x7,0x20,0x18,0x84,0x7,0xcc,0xa,0x20,0xa,0x89,0x7,0x9,0x10,0x1,0xd4,0x35,0xf5,0x64,0x20,0x25,0x1c,
  0xe9,0x15,0x74,0xd3,0xb,0x6b,0x53,0x72,0x67,0x62,0x38,0x54,0x6f,0x4c,0x69,0x6e,0x65,0x61,0x72,0x2f,0x54,0xcc,0x12,
  0xe4,0xa3,0x12,0x68,0xd3,0x22,0xd4,0x50,0x12,0xa2,0x97,0x37,0x33,0x24,0x26,0x3f,0x30,0x2e,0x12,0x70,0xa8,0xef,0x1,
  0x32,0x33,0x32,0x25,0xa0,0x3f,0x1a,0x1e,0x22,0x39,0x35,0x24,0xc8,0x7b,0x1a,0xa2,0x1e,0x36,0x39,0x24,0x1c,0x40,0x3,
  0x30,0x2e,0x34,0x36,0x34,0x33,0x24,0x4c,0x4b,0x3,0x30,0x2e,0x35,0x34,0x31,0x37,0xec,0x1,0x22,0x90,0x8e,0x24,0xc7,0x4b,
  0x30,0x2e,0x36,0x13,0x48,0xda,0xad,0xd,0x37,0x68,0xd,0x23,0x18,0x3e,0x3,0x30,0x2e,0x38,0x35,0x33,0x33,0x24,0x87,0x44,
  0x30,0x2e,0x39,0x12,0x20,0xaa,0x24,0x64,0x43,0x2,0x2e,0x30,0x32,0x36,0x33,0x25,0xe4,0x4b,0x2,0x2e,0x31,0x31,0x39,0x38,
  0x25,0x70,0x4a,0x1,0x2e,0x32,0x31,0x38,0x22,0x28,0xf0,0x22,0x10,0x44,0x2,0x2e,0x33,0x32,0x31,0x32,0x25,0x47,0x43,0x2e,
  0x34,0x32,0x74,0x7,0x7c,0xb,0x3,0x31,0x2e,0x35,0x34,0x32,0x34,0x25,0x9c,0x93,0x2,0x2e,0x36,0x36,0x30,0x35,0x24,0xf6,
  0x4e,0x31,0x2e,0x22,0xf0,0x9d,0x24,0x1c,0x54,0x2,0x31,0x2e,0x39,0x31,0x32,0x26,0xff,0x3c,0x2e,0x30,0x34,0x12,0xcc,
  0xbb,0x6e,0x7,0x32,0x2e,0x12,0x38,0xb5,0x24,0x38,0x46,0x3,0x32,0x2e,0x33,0x32,0x39,0x31,0x24,0xb4,0x4f,0x2,0x32,0x2e,
  0x34,0x37,0x38,0x26,0x29,0xa2,0x2e,0x23,0x68,0x99,0x24,0x14,0x42,0x1,0x2e,0x37,0x39,0x34,0x25,0xa8,0xce,0x1,0x32,0x2e,
  0x39,0x36,0x22,0xc4,0xbf,0x7c,0x8,0x1,0x33,0x2e,0x31,0x33,0x22,0x8,0x8c,0xaf,0x1,0x33,0x31,0x30,0x15,0x3c,0xec,0x3,
  0x33,0x2e,0x34,0x39,0x34,0x30,0x24,0x45,0x41,0x33,0x12,0xac,0xdd,0x25,0xb,0x47,0x33,0x2e,0x38,0x22,0x24,0xcb,0x23,
  0xbc,0x42,0x3,0x34,0x2e,0x30,0x37,0x39,0x30,0x24,0x34,0x3f,0x1,0x34,0x2e,0x32,0x38,0x22,0x28,0xa2,0x7c,0x8,0x2,0x34,
  0x2e,0x34,0x39,0x38,0x25,0xd0,0x96,0x12,0x6d,0xdc,0x37,0x25,0xc,0x8f,0x3,0x34,0x2e,0x39,0x34,0x32,0x35,0x24,0xab,0x86,
  0x35,0x2e,0x31,0x22,0x38,0xcb,0x8c,0x2b,0x2,0x35,0x2e,0x34,0x31,0x30,0x25,0xd8,0x7d,0x3,0x35,0x2e,0x36,0x35,0x34,0x33,
  0x24,0xc,0x42,0x1,0x35,0x2e,0x39,0x30,0x64,0x3,0x6c,0xa,0x2,0x36,0x2e,0x31,0x36,0x30,0x25,0x7c,0x9e,0x1,0x36,0x2e,
  0x34,0x32,0x22,0x90,0xa4,0xbc,0x2,0x1,0x36,0x39,0x31,0x35,0x24,0xe8,0x50,0x3,0x36,0x2e,0x39,0x36,0x36,0x38,0x24,0x84,
  0x44,0x3,0x37,0x2e,0x32,0x34,0x38,0x36,0x24,0xa0,0x94,0x3,0x37,0x2e,0x35,0x33,0x36,0x39,0x24,0x9c,0x48,0x2,0x37,0x2e,
  0x38,0x33,0x31,0x25,0xc9,0x7b,0x38,0x6d,0x1f,0x34,0x24,0x38,0x87,0x3,0x38,0x2e,0x34,0x34,0x31,0x37,0x24,0x56,0x5b,
  0x38,0x2e,0x22,0xe0,0x8c,0x24,0x4,0x43,0x3,0x39,0x2e,0x30,0x37,0x38,0x33,0x24,0xf4,0x44,0x2,0x39,0x2e,0x34,0x30,0x36,
  0x25,0x48,0x89,0x2,0x39,0x2e,0x37,0x34,0x32,0x26,0x74,0x52,0x12,0xb0,0xa3,0x22,0xd4,0xd4,0x60,0x12,0x4,0x31,0x30,0x2e,
  0x34,0x33,0x33,0x33,0x25,0x24,0xdb,0x3,0x30,0x2e,0x37,0x38,0x39,0x34,0x24,0x14,0x8a,0x4,0x31,0x31,0x2e,0x31,0x35,0x32,
  0x34,0x24,0x78,0x46,0x2,0x31,0x31,0x2e,0x35,0x32,0x12,0xd0,0xd6,0x8d,0x6,0x31,0x12,0xb1,0xe0,0x35,0xb4,0x54,0x12,0x3f,
  0xe2,0x38,0x33,0x38,0xa8,0x11,0x3,0x31,0x32,0x2e,0x36,0x37,0x35,0x26,0xa3,0x4d,0x33,0x2e,0x30,0x27,0x7c,0x7f,0x4,0x31,
  0x33,0x2e,0x34,0x37,0x39,0x34,0x24,0x6c,0x59,0x2,0x31,0x33,0x2e,0x38,0x39,0x22,0xa0,0x81,0x96,0x9,0x34,0x2e,0x1a,0xd0,
  0x2d,0xc4,0x3,0x1,0x34,0x2e,0x37,0x34,0x1a,0x3c,0x30,0x84,0x3,0x76,0x2e,0x35,0x33,0x24,0x24,0x5a,0x1,0x31,0x35,0x2e,
  0x36,0x22,0xa4,0xd2,0x88,0x30,0x4,0x31,0x36,0x2e,0x30,0x36,0x37,0x35,0xac,0x39,0x4,0x31,0x36,0x2e,0x35,0x32,0x34,0x38,
  0x24,0x0,0x49,0x3,0x31,0x36,0x2e,0x39,0x38,0x39,0x25,0x53,0xa7,0x31,0x37,0x2e,0x22,0xd4,0xd4,0xc7,0x3,0x37,0x2e,0x39,
  0x27,0xfa,0xd7,0x31,0x38,0x80,0x5b,0x24,0xb7,0x91,0x31,0x38,0x2e,0x12,0x48,0xe6,0x24,0x54,0x5c,0x4,0x31,0x39,0x2e,
  0x34,0x32,0x37,0x32,0xaa,0x55,0x31,0x39,0x6d,0x67,0x37,0xac,0x31,0x4,0x32,0x30,0x2e,0x34,0x35,0x36,0x30,0x25,0x54,
  0x48,0x13,0x15,0xdb,0x30,0x24,0x1,0x8b,0x32,0x1a,0xea,0x7,0x35,0x39,0x25,0xec,0x4a,0x12,0xdd,0xc8,0x37,0x25,0x68,0x85,
  0x1,0x32,0x32,0x2e,0x36,0x22,0x84,0xd5,0xb0,0x5a,0x2,0x33,0x2e,0x31,0x36,0x34,0x25,0x14,0x95,0x2,0x32,0x33,0x2e,0x37,
  0x33,0x26,0x2f,0xa0,0x32,0x34,0x2e,0x22,0xb0,0x9b,0x24,0xe8,0x8d,0x3,0x32,0x34,0x2e,0x38,0x38,0x34,0x25,0x50,0xd6,0x4,
  0x32,0x35,0x2e,0x34,0x37,0x34,0x31,0x24,0x47,0x5d,0x32,0x36,0x2e,0x12,0xbc,0xa7,0x24,0xb4,0x85,0x4,0x32,0x36,0x2e,
  0x36,0x37,0x37,0x32,0xac,0x79,0x4,0x32,0x37,0x2e,0x32,0x39,0x30,0x38,0x24,0xa2,0xf8,0x32,0x37,0x74,0x70,0x26,0x2d,
  0xaa,0x38,0x79,0x76,0x37,0x24,0x78,0x54,0x4,0x32,0x39,0x2e,0x31,0x38,0x31,0x30,0x24,0x68,0x85,0x2,0x32,0x39,0x2e,0x38,
  0x32,0x26,0x1b,0xaa,0x33,0x30,0x2e,0x22,0x14,0xdc,0xb7,0x93,0x33,0x31,0x2e,0x22,0xf0,0xa8,0xab,0x80,0x33,0x31,0x2e,
  0x22,0xbc,0xac,0x24,0x83,0xe7,0x33,0x32,0x2e,0x22,0xb4,0xaa,0x24,0x43,0x5c,0x33,0x33,0x2e,0x74,0x7a,0xa4,0x64,0x4,
  0x33,0x33,0x2e,0x38,0x38,0x31,0x34,0xa4,0x2a,0x4,0x33,0x34,0x2e,0x35,0x38,0x36,0x34,0xd4,0x9,0x3,0x35,0x2e,0x33,0x30,
  0x30,0x30,0x24,0x44,0x57,0x3,0x33,0x36,0x2e,0x30,0x32,0x32,0x25,0xfc,0x59,0x4,0x33,0x36,0x2e,0x37,0x35,0x32,0x37,0xa0,
  0x2f,0x4,0x33,0x37,0x2e,0x34,0x39,0x31,0x39,0x24,0xec,0x4d,0x4,0x33,0x38,0x2e,0x32,0x33,0x39,0x37,0x24,0xe4,0x4e,0x3,
  0x33,0x38,0x2e,0x39,0x39,0x36,0x25,0x84,0x57,0x3,0x33,0x39,0x2e,0x37,0x36,0x31,0x25,0x14,0x4f,0x4,0x34,0x30,0x2e,0x35,
  0x33,0x35,0x30,0xaf,0x13,0x34,0x31,0x2e,0x13,0x10,0xb5,0xb0,0x7d,0x3,0x32,0x2e,0x31,0x30,0x38,0x37,0xa8,0x59,0x1,0x34,
  0x32,0x2e,0x39,0x12,0x1c,0xc9,0x23,0x48,0x53,0x1,0x34,0x33,0x2e,0x37,0x22,0x90,0x91,0xb9,0x4,0x34,0x80,0x8,0xb2,0x6a,
  0x34,0x35,0x1a,0x89,0x38,0x35,0xb0,0xe,0x3,0x34,0x36,0x2e,0x31,0x39,0x36,0x25,0x80,0xd4,0x3,0x34,0x37,0x2e,0x30,0x34,
  0x31,0x25,0x78,0x5e,0x4,0x34,0x37,0x2e,0x38,0x39,0x34,0x32,0xb9,0x5f,0x34,0x95,0x6f,0x34,0x24,0x64,0x53,0x4,0x34,0x39,
  0x2e,0x36,0x32,0x37,0x35,0x24,0xa0,0x51,0x4,0x35,0x30,0x2e,0x35,0x30,0x37,0x36,0xa4,0x37,0x4,0x35,0x31,0x2e,0x33,0x39,
  0x36,0x38,0x24,0x40,0x52,0x3,0x35,0x32,0x2e,0x32,0x39,0x35,0x25,0xe3,0xa3,0x35,0x33,0x2e,0x12,0xd8,0xaa,0xb0,0x28,0x1,
  0x35,0x34,0x2e,0x31,0x23,0xe0,0x92,0x78,0x5f,0x3,0x35,0x35,0x2e,0x30,0x34,0x34,0x26,0x15,0xe3,0x35,0x12,0xc8,0xf2,
  0x25,0x44,0x5a,0x1,0x35,0x36,0x2e,0x39,0x22,0xec,0x8f,0x88,0xba,0x3,0x35,0x37,0x2e,0x38,0x37,0x36,0x25,0xe8,0x9d,0x3,
  0x35,0x38,0x2e,0x38,0x33,0x38,0x25,0x4c,0x8d,0x2,0x35,0x39,0x2e,0x38,0x31,0x12,0x84,0xe4,0x74,0x9,0x4,0x36,0x30,0x2e,
  0x37,0x39,0x31,0x33,0x24,0xf1,0x65,0x36,0x6e,0xb6,0x31,0x36,0x24,0xf0,0x5a,0x3,0x36,0x32,0x2e,0x37,0x38,0x31,0x25,
  0xf8,0xdc,0x1,0x36,0x33,0x2e,0x37,0x22,0x2c,0x8d,0x23,0x7c,0x59,0x1a,0x5c,0x14,0x12,0xe8,0xca,0x8c,0x6e,0x4,0x36,0x35,
  0x2e,0x38,0x33,0x36,0x36,0xbc,0x95,0x3,0x36,0x36,0x2e,0x38,0x37,0x33,0x25,0x5e,0x9a,0x36,0x37,0x1a,0x11,0x3,0x36,0x24,
  0x8c,0x67,0x4,0x36,0x38,0x2e,0x39,0x37,0x36,0x39,0x24,0xc9,0x56,0x37,0x12,0x58,0xae,0x12,0x8,0xd2,0x66,0x10,0x37,0x31,
  0x71,0x1b,0x30,0xc5,0x3,0x32,0x79,0x1e,0x39,0xbc,0x26,0x2,0x37,0x33,0x2e,0x32,0x39,0x1a,0x38,0x5,0x9b,0x4,0x34,0x2e,
  0x34,0x12,0x25,0xb0,0x36,0x90,0x1,0x2,0x35,0x2e,0x35,0x31,0x35,0x15,0x98,0x89,0x4,0x37,0x36,0x2e,0x36,0x33,0x38,0x36,
  0x24,0x80,0x97,0x4,0x37,0x37,0x2e,0x37,0x37,0x31,0x37,0xbb,0x86,0x37,0x38,0x2e,0x22,0xbc,0x9f,0xb6,0x98,0x38,0x30,
  0x70,0x83,0x25,0x67,0x65,0x38,0x31,0x2e,0x23,0xc0,0xe0,0x23,0x32,0x5c,0x38,0x32,0xa8,0xb,0xb0,0x1,0x1a,0xb6,0x41,0x33,
  0x34,0xa0,0x97,0x3,0x38,0x34,0x2e,0x37,0x37,0x35,0x25,0x5,0x64,0x38,0x6d,0x2d,0x36,0x25,0xb8,0xb8,0x3,0x38,0x37,0x2e,
  0x31,0x38,0x38,0x25,0x7c,0x60,0x4,0x38,0x38,0x2e,0x34,0x30,0x39,0x35,0xa0,0x7d,0x4,0x38,0x39,0x2e,0x36,0x34,0x30,0x38,
  0xb0,0x4f,0x3,0x39,0x30,0x2e,0x38,0x38,0x32,0xd2,0x1b,0x39,0x32,0x68,0xb5,0x25,0xb8,0x5b,0x4,0x39,0x33,0x2e,0x33,0x39,
  0x34,0x34,0xac,0xbe,0x2,0x39,0x34,0x2e,0x36,0x36,0x22,0xc4,0x94,0x70,0x1b,0x4,0x39,0x35,0x2e,0x39,0x34,0x36,0x38,0xb4,
  0xc7,0x2,0x39,0x37,0x2e,0x32,0x33,0x78,0x30,0x84,0x3,0x2,0x38,0x2e,0x35,0x33,0x39,0x25,0x84,0xe0,0x3,0x39,0x39,0x2e,
  0x38,0x35,0x30,0x25,0x40,0xe7,0x5,0x31,0x30,0x31,0x2e,0x31,0x37,0x32,0x35,0x24,0x18,0xa4,0x5,0x31,0x30,0x32,0x2e,0x35,
  0x30,0x34,0x33,0xa0,0x12,0x4,0x31,0x30,0x33,0x2e,0x38,0x34,0x36,0x25,0xdc,0x5a,0x3,0x31,0x30,0x35,0x2e,0x31,0x39,0x68,
  0x36,0x64,0xa,0x5,0x31,0x30,0x36,0x2e,0x35,0x36,0x30,0x36,0xa8,0x99,0x4,0x31,0x30,0x37,0x2e,0x39,0x33,0x33,0x25,0xec,
  0xa1,0x5,0x31,0x30,0x39,0x2e,0x33,0x31,0x36,0x30,0x25,0x28,0x64,0x3,0x31,0x30,0x2e,0x37,0x30,0x39,0x26,0x54,0xf3,0x12,
  0xf,0xf9,0x31,0x32,0x35,0xb0,0x3b,0x2,0x31,0x31,0x33,0x2e,0x35,0x22,0x0,0x21,0x9c,0x99,0x4,0x31,0x31,0x34,0x2e,0x39,
  0x35,0x30,0xf0,0xc7,0x4,0x31,0x36,0x2e,0x33,0x38,0x34,0x38,0x26,0x78,0x6c,0x3,0x37,0x2e,0x38,0x32,0x39,0x36,0xa8,0xd1,
  0x5,0x31,0x31,0x39,0x2e,0x32,0x38,0x34,0x38,0xa8,0x37,0x5,0x31,0x32,0x30,0x2e,0x37,0x35,0x30,0x35,0xc8,0xcb,0x4,0x32,
  0x32,0x2e,0x32,0x32,0x36,0x36,0xb5,0x66,0x31,0x7e,0xa2,0x31,0x33,0x25,0x0,0x60,0x5,0x31,0x32,0x35,0x2e,0x32,0x31,0x30,
  0x33,0x25,0x22,0x6d,0x32,0x36,0x68,0x77,0x26,0x2d,0xb6,0x32,0x6e,0x84,0x36,0x30,0xfc,0x6,0x7e,0x82,0x34,0x37,0xb4,
  0x4b,0x2,0x31,0x33,0x31,0x2e,0x33,0x22,0xb8,0xbd,0xbe,0x14,0x33,0x32,0x22,0x39,0x24,0x38,0x24,0xd0,0x72,0x3,0x31,0x33,
  0x34,0x2e,0x34,0x31,0x12,0x78,0xf1,0x9c,0x22,0x4,0x33,0x35,0x2e,0x39,0x38,0x35,0x34,0x25,0x28,0x23,0x2,0x33,0x37,0x2e,
  0x35,0x36,0x26,0xfc,0xa7,0x5,0x31,0x33,0x39,0x2e,0x31,0x35,0x39,0x37,0x25,0xcf,0x6c,0x34,0x30,0x2e,0x7c,0x6c,0x14,
  0x56,0xf,0x31,0x34,0x1a,0xc2,0x47,0x36,0x37,0xa8,0x9c,0x5,0x31,0x34,0x34,0x2e,0x30,0x30,0x31,0x34,0xdc,0x30,0x2,0x34,
  0x35,0x2e,0x36,0x33,0x12,0xc0,0xff,0x84,0xc,0x3,0x34,0x37,0x2e,0x32,0x38,0x33,0x25,0xfc,0xa4,0x4,0x31,0x34,0x38,0x2e,
  0x39,0x33,0x39,0x25,0x8b,0x27,0x31,0x35,0x30,0x7c,0xc3,0x25,0x95,0xf0,0x31,0x60,0x83,0x1a,0x50,0x46,0x88,0x5f,0x5,
  0x31,0x35,0x33,0x2e,0x39,0x37,0x35,0x39,0xd6,0x16,0x35,0x35,0x1b,0x0,0x48,0xf4,0x1,0x2,0x37,0x2e,0x33,0x38,0x37,0x25,
  0xf0,0x23,0x4,0x31,0x35,0x39,0x2e,0x31,0x30,0x39,0x26,0x18,0xbc,0x3,0x36,0x30,0x2e,0x38,0x34,0x33,0x26,0x60,0xe6,0x2,
  0x36,0x32,0x2e,0x35,0x38,0xf8,0xc4,0x5,0x31,0x36,0x34,0x2e,0x33,0x34,0x32,0x33,0x24,0x3b,0x67,0x31,0x36,0x36,0x70,
  0xa4,0x25,0x84,0xcb,0x5,0x31,0x36,0x37,0x2e,0x38,0x38,0x35,0x35,0x24,0xc0,0x76,0x1,0x31,0x36,0x39,0x2e,0x22,0x74,0x9e,
  0x25,0x38,0x6e,0x1,0x37,0x31,0x2e,0x34,0x78,0xd5,0xbc,0x29,0x7f,0x75,0x38,0x33,0x33,0x25,0xcb,0x27,0x37,0x35,0x2e,
  0x22,0xd8,0xbb,0xd2,0xf1,0x37,0x36,0x69,0xe6,0x32,0xdc,0x22,0x2,0x37,0x38,0x2e,0x37,0x38,0x27,0xec,0xa,0x3,0x38,0x30,
  0x2e,0x36,0x33,0x35,0x25,0x5a,0x27,0x31,0x38,0x6e,0x57,0x31,0x38,0x24,0xc8,0x66,0x1,0x31,0x38,0x34,0x2e,0x22,0x24,
  0xf1,0x25,0x4c,0x70,0x4,0x38,0x36,0x2e,0x32,0x36,0x37,0x34,0x25,0x20,0x6d,0x1,0x38,0x38,0x2e,0x31,0x22,0xc0,0xc9,0x9e,
  0x90,0x31,0x39,0x22,0x52,0x2d,0x38,0x30,0x25,0x52,0x6f,0x39,0x32,0x12,0xb5,0xd9,0x32,0xbf,0x80,0x31,0x39,0x33,0x7d,
  0x5a,0x37,0x24,0x73,0x67,0x31,0x39,0x35,0x22,0xf9,0x27,0x35,0xc5,0xc,0x39,0x22,0x32,0x25,0x34,0x36,0x25,0x38,0x21,
  0x76,0x6a,0x30,0x32,0x25,0x5a,0x74,0x32,0x30,0x62,0xa2,0x30,0x39,0xa3,0x88,0x32,0x30,0x33,0x6c,0x8b,0x25,0x78,0x2e,
  0x5,0x32,0x30,0x35,0x2e,0x37,0x37,0x32,0x38,0x25,0x44,0x6b,0x3,0x30,0x37,0x2e,0x37,0x38,0x35,0x25,0x36,0xa9,0x32,0x30,
  0xa9,0xac,0x36,0x87,0xcb,0x32,0x31,0x31,0x7c,0x6f,0xd5,0x2b,0x32,0x23,0x96,0x23,0x33,0x37,0x24,0xac,0x74,0x1,0x32,
  0x31,0x35,0x2e,0x12,0x44,0xcb,0x24,0x8c,0xb5,0x4,0x32,0x31,0x38,0x2e,0x30,0x32,0x33,0x25,0x40,0x26,0x5,0x32,0x32,0x30,
  0x2e,0x31,0x30,0x35,0x30,0xb7,0x1d,0x32,0x32,0x32,0x7d,0x76,0x36,0xa1,0x93,0x32,0x24,0x69,0x20,0x37,0xb4,0x6a,0x5,
  0x32,0x32,0x36,0x2e,0x34,0x32,0x30,0x33,0x24,0xf2,0x2f,0x32,0x32,0x6e,0xfb,0x38,0x36,0x25,0x28,0x2d,0x4,0x33,0x30,
  0x2e,0x36,0x38,0x38,0x35,0xa5,0x2f,0x32,0x6c,0x5e,0x7c,0xa8,0x8c,0x49,0x5,0x32,0x33,0x35,0x2e,0x30,0x30,0x33,0x33,
  0xac,0x26,0x3,0x32,0x33,0x37,0x2e,0x31,0x37,0x1a,0x94,0x2a,0x7c,0x53,0x3,0x32,0x33,0x39,0x2e,0x33,0x36,0x1a,0x30,0x9,
  0x94,0x1,0x3,0x34,0x31,0x2e,0x35,0x36,0x33,0x15,0xf9,0x3,0x32,0x70,0xe5,0x22,0x40,0xb9,0x9c,0x3e,0x1,0x32,0x34,0x35,
  0x2e,0x22,0xb4,0xca,0xac,0x88,0x2,0x32,0x34,0x38,0x2e,0x32,0x23,0x80,0xf4,0x9e,0x6,0x35,0x30,0x64,0x44,0x25,0x44,0xaf,
  0x1,0x32,0x35,0x32,0x2e,0x12,0x8,0xcd,0xb5,0x7f,0x32,0x64,0xd9,0x22,0x44,0x34,0x22,0xc,0x72,0x34,0x20,0x43,0x23,0x8,
  0x3d,0x2,0x49,0x6d,0x61,0x67,0x65,0x10,0x2,0x45,0x77,0x75,0x13,0xd7,0x76,0x79,0x75,0x76,0x2b,0xf4,0x3c,0x14,0xff,0xa6,
  0x2a,0x72,0x2c,0x15,0xae,0xfd,0x2a,0x67,0x27,0x25,0x0,0x62,0x14,0xcc,0x38,0x14,0x9c,0x36,0x10,0x13,0x1c,0x39,0xbc,0x4,
  0x6,0x69,0x6e,0x73,0x69,0x64,0x65,0x5f,0x78,0x20,0x2c,0xa8,0x0,0xd9,0x2,0x79,0x27,0x58,0x0,0x25,0x6c,0x3e,0x8c,0x14,
  0x22,0x98,0x3f,0x2,0x79,0x75,0x76,0x2c,0x20,0xb2,0xc,0x2a,0x20,0x13,0xd8,0x38,0x12,0x6c,0x37,0x10,0x1,0xb0,0x61,0x1,
  0x6c,0x75,0x74,0x20,0x31,0x8c,0x38,0x14,0xe,0x47,0x20,0x20,0x15,0x8c,0x9b,0x28,0xa8,0x3f,0x1d,0x26,0x6,0x2a,0x20,0x61,
  0x7,0x3d,0x32,0xe8,0x0,0x14,0xec,0x41,0x32,0x7c,0x3f,0x2b,0x18,0x2,0x2c,0xa3,0x3f,0x72,0x5b,0x69,0x22,0x60,0x43,0x1a,
  0x48,0x27,0xed,0x28,0x69,0x23,0x13,0x43,0x9,0x9,0x67,0x31,0x68,0x0,0x13,0x48,0x5a,0x23,0x56,0x44,0x9,0x62,0x34,0x79,
  0x0,0x32,0xb4,0x7,0x12,0xbc,0x3a,0x27,0x28,0x2,0x22,0x84,0x40,0x15,0x9c,0x3d,0xfc,0x26,0x1,0x3b,0x20,0x79,0x2b,0x18,
  0x1,0xbc,0x0,0x27,0xa4,0x0,0x12,0x14,0x3d,0xc9,0x4,0x78,0x14,0xc4,0x3d,0x8f,0x17,0x3b,0x20,0x78,0xb4,0x5,0x15,0xe0,
  0x58,0x22,0xd8,0x41,0x14,0x14,0x77,0x10,0x3,0xc9,0x3d,0x28,0xe4,0x7,0x16,0x40,0x4c,0x2,0x9,0x9,0x9,0x72,0x5b,0x2a,
  0x84,0x0,0x13,0x12,0x45,0x72,0x5b,0x10,0x1,0x9d,0xae,0x67,0x30,0x79,0x0,0x67,0x29,0x79,0x0,0x62,0x30,0x79,0x0,0x62,
  0x28,0x78,0x0,0x6c,0x1c,0x6c,0x0,0x27,0xf4,0x2,0x7c,0x1c,0xcf,0x10,0x79,0x3b,0x20,0x12,0x14,0x73,0x80,0x3f,0x39,0xac,
  0x3,0x15,0x58,0x41,0x3d,0x90,0x3,0xe0,0x1b,0x12,0xbc,0x48,0x13,0x1c,0x4a,0x9d,0x5,0x20,0x17,0x9c,0x71,0x20,0x42,0x90,
  0x3,0x3,0x23,0x75,0x6e,0x64,0x65,0x66,0x70,0x4f,0x17,0x4,0xfe,0x2c,0x7c,0x4b,0x23,0x6,0x4b,0x54,0x6f,0x2e,0x78,0xe,
  0x23,0x74,0x44,0x10,0xb,0xc0,0x85,0x23,0x14,0x49,0xf1,0x72,0x72,0x17,0xf8,0x47,0xa1,0x77,0x67,0x2d,0x3d,0x0,0x62,0x27,
  0x3c,0x0,0x84,0x3f,0xc8,0x72,0x2b,0x81,0xe,0x79,0xc0,0x70,0xbf,0x81,0x69,0x64,0x63,0x1a,0x60,0x2a,0xd8,0x6,0x12,0x4,
  0x45,0x10,0x3,0x3c,0x88,0x15,0x70,0x84,0x1,0x30,0x5d,0x2c,0x20,0x81,0x5,0x30,0x1c,0xd8,0x39,0x31,0x88,0x0,0x23,0xe0,
  0x4d,0xf9,0x4,0x31,0x3c,0x98,0x0,0x12,0x90,0x6c,0xe9,0x5,0x32,0x88,0x5,0x10,0x1,0xe8,0x70,0x23,0x98,0x4b,0x1,0x73,
  0x5b,0x33,0x5d,0x29,0x44,0x2,0x1,0x49,0x44,0x43,0x54,0x10,0x2,0x80,0x7e,0xc5,0x11,0x2c,0x24,0xce,0x54,0x73,0x5b,0xd0,
  0x12,0x32,0x96,0x0,0x31,0x5d,0x27,0x94,0x0,0xcc,0x12,0x32,0x95,0x0,0x32,0x28,0x94,0x0,0x28,0x38,0x2,0x27,0xb4,0x14,
  0x84,0x1b,0x90,0x30,0x75,0x23,0x50,0x12,0xf4,0x7f,0x14,0x5c,0x4e,0xc8,0x15,0x71,0x23,0x26,0x68,0x82,0x60,0x1,0x1,0x38,
  0x2c,0x20,0x38,0x79,0x97,0x9,0x30,0x9c,0x0,0x6c,0x11,0x9c,0x4,0x60,0x1,0x39,0x9c,0x0,0x74,0x11,0x9c,0x4,0x60,0x1,0xff,
  0x4,0xd,0xa,0x9,0x2c,0xc0,0x14,0x94,0x12,0x64,0xd,0x10,0x3,0x98,0x4e,0x29,0xa4,0x52,0x9c,0x3,0x33,0x4,0x13,0x31,0x2d,
  0x15,0x5b,0x78,0x17,0x22,0x4c,0x55,0x2d,0x44,0x13,0x3b,0xa8,0x0,0x30,0x84,0x13,0x3e,0xb8,0x0,0x20,0x2f,0xc5,0x13,0x38,
  0x3c,0xb4,0x13,0x12,0x9c,0x5a,0xe0,0x82,0x12,0x68,0x59,0x14,0xe0,0x90,0xe4,0x9d,0x74,0x3,0x35,0x94,0x13,0x27,0x68,0x0,
  0x30,0x84,0x13,0x27,0x68,0x0,0x20,0xd,0x75,0x13,0x38,0x20,0x1,0x64,0x13,0x39,0x30,0x3,0xf0,0x18,0x27,0x54,0x13,0x94,
  0x10,0x74,0x51,0x20,0x38,0x30,0x3,0x33,0x64,0x5e,0xdb,0x7e,0x59,0x55,0x56,0x14,0x82,0x85,0x5f,0x5f,0x26,0x80,0x5e,
  0x37,0xf0,0x12,0x13,0x44,0x85,0xf4,0x4,0xa5,0x8e,0x2a,0x80,0xfe,0x27,0x48,0x65,0xa8,0x7,0x15,0x8c,0x5b,0x24,0x1c,0x5d,
  0x13,0xc4,0x6c,0xac,0x96,0x15,0xe4,0x68,0x2a,0x30,0x0,0x10,0x18,0x9c,0x85,0xb8,0xc,0x94,0x84,0x94,0x60,0x94,0xf0,0xcc,
  0x17,0x79,0x7f,0x28,0x29,0x55,0x13,0x26,0x98,0x4,0xa4,0x88,0x2f,0x10,0x12,0x16,0x54,0x88,0x64,0x2d,0x60,0x7,0xcc,0x90,
  0xb0,0x1f,0x60,0x7,0xf0,0x8b,0xdc,0x0,0xdc,0x16,0x27,0xcc,0x2,0xa1,0x1,0x79,0x16,0xb1,0x6b,0x2c,0x17,0x64,0x77,0x24,
  0x0,0x22,0x2f,0x8a,0x10,0x2c,0x20,0x88,0x23,0x13,0x79,0x49,0x36,0x6c,0x7b,0x3d,0x17,0x6,0x38,0x78,0x38,0x29,0x7c,0x27,
  0xa0,0x29,0x16,0x10,0x9e,0x8c,0xf,0xcc,0xa8,0x10,0x9,0xac,0x60,0x6c,0x30,0x30,0x18,0x18,0x20,0x1d,0xb4,0x4,0x28,0xf4,
  0x0,0x29,0xac,0x4,0x68,0x14,0x2a,0xa4,0x4,0x76,0x1a,0xd,0xa,0x30,0x74,0x14,0xc8,0x1f,0xf8,0x9d,0x3d,0xe0,0x3,0x86,
  0x30,0x5f,0x67,0x28,0x5c,0x6e,0x20,0xf,0xec,0x3,0x64,0x22,0x10,0x4,0x44,0xd7,0x20,0x2b,0xfc,0x9,0x27,0x8,0x6,0xd8,
  0x2f,0x78,0x47,0x27,0xe4,0x23,0x3c,0x88,0x16,0x25,0xa8,0x28,0xb1,0x37,0x69,0x80,0x57,0x22,0xdc,0x24,0xd0,0x57,0x27,
  0xe1,0xd,0x62,0xd8,0x25,0x84,0xd0,0x20,0xb,0xd4,0x9,0x3d,0x5f,0x5,0x38,0x78,0x38,0x20,0x1b,0x54,0x5,0xc4,0x4a,0x20,
  0x30,0xff,0x3,0xd,0xa,0x9,0x28,0x4,0x4,0x64,0x4a,0xbc,0x1f,0x6c,0x49,0x35,0x40,0x3,0x4,0x70,0x79,0x38,0x78,0x38,0x54,
  0x6f,0x9c,0x44,0x10,0x4,0x1f,0x98,0x79,0x75,0x76,0x1a,0x24,0x8e,0x6c,0xdd,0xbc,0x55,0x64,0x41,0x2c,0x7f,0x12,0x79,
  0x75,0x76,0x9c,0x6,0x23,0x98,0x34,0xe8,0x80,0xa0,0x90,0x2,0x6f,0x66,0x66,0x5f,0x78,0x28,0x28,0x0,0x26,0x24,0x25,0x27,
  0x70,0x7,0x22,0x58,0x2b,0x25,0xf8,0x2e,0x20,0x1d,0xc4,0x17,0x22,0x28,0x2e,0x29,0x90,0x17,0x23,0x2c,0x27,0x5,0x64,0x78,
  0x31,0x36,0x20,0x3d,0x20,0x28,0x22,0x70,0x77,0x60,0x11,0x8e,0x4,0x29,0x20,0x15,0xe5,0x73,0x28,0x12,0xf0,0x9e,0x78,0x2,
  0x13,0x84,0x76,0x6b,0x23,0x9,0x9,0x9,0x27,0x29,0x3,0x69,0x90,0x7,0x22,0x38,0x72,0x1a,0x64,0x58,0xac,0x20,0x22,0x58,
  0x30,0x64,0x2,0x78,0x53,0x22,0x94,0x6e,0x6c,0x0,0x37,0x38,0x5,0x86,0x22,0x54,0x6f,0x70,0x2f,0xac,0x6d,0xb0,0xac,0x27,
  0x80,0x1,0x60,0x2a,0x28,0xac,0x4,0x28,0x60,0x18,0x27,0x98,0x0,0x2e,0xd4,0x5,0x68,0x1a,0x98,0x15,0x20,0x8d,0x38,0x5,
  0x78,0x18,0xe0,0x27,0xa8,0x29,0x84,0x23,0x22,0xa8,0x33,0x98,0x1f,0x23,0xbc,0x77,0x14,0xa0,0x85,0x28,0xe0,0x73,0x2c,
  0xfc,0x2f,0x1,0x43,0x6f,0x70,0x79,0x93,0x6,0x54,0x6f,0x43,0x1c,0x5c,0x8e,0xc4,0x54,0x24,0x47,0x2f,0x72,0x67,0x62,0x94,
  0x3,0x22,0x8,0x2c,0x88,0xa,0x13,0x58,0xa2,0xcc,0x3,0xc4,0x8a,0x26,0x34,0x30,0x3c,0xf4,0x2f,0x20,0x8f,0x78,0x5,0x24,
  0xbb,0x39,0x20,0x3d,0x20,0x27,0xa,0x4,0x30,0x5d,0xa0,0x2b,0x80,0xa1,0x23,0x9d,0x3d,0x64,0x24,0xc8,0x26,0xec,0x24,0x1a,
  0x18,0x7e,0x68,0x5b,0xc0,0x4,0x24,0x50,0x26,0x2a,0x4,0x1,0x1a,0x20,0x7e,0x28,0x80,0x0,0x6c,0xa9,0x38,0x5a,0x6,0x6e,
  0x76,0x1a,0xc8,0x6a,0x1,0x69,0x6f,0x6e,0x28,0x22,0x9a,0x7f,0x5f,0x74,0x24,0x50,0x42,0x14,0xda,0xe8,0x5f,0x74,0x24,
  0x68,0x42,0x22,0x70,0x46,0x12,0xc4,0x8e,0x14,0xe0,0x82,0x2,0x78,0x73,0x74,0x65,0x70,0xa3,0x58,0x6c,0x65,0x6e,0xa0,0x1,
  0x14,0xcc,0xb5,0x28,0x9c,0x0,0xb8,0x65,0xbc,0x37,0x9,0x2a,0x6d,0x75,0x6c,0x74,0x69,0x70,0x6c,0x69,0x65,0x72,0x73,0x35,
  0x87,0x0,0x69,0x6e,0x70,0x28,0x64,0x0,0xb5,0x6,0x62,0x13,0x64,0xa3,0x3,0x5f,0x72,0x61,0x74,0x69,0x6f,0x2e,0x6c,0x0,
  0x4,0x2a,0x72,0x65,0x73,0x75,0x6c,0x74,0xc4,0xaf,0xbd,0x5,0x77,0x14,0xdf,0xb0,0x6e,0x6f,0x5f,0xa4,0x7,0x15,0xf4,0xf0,
  0x26,0xa0,0x30,0xd1,0x1b,0x6a,0x98,0x2,0x1a,0x3a,0x3e,0x3d,0x20,0x12,0xdc,0xd8,0xbc,0x16,0x12,0xc5,0x7e,0x6a,0x12,
  0x50,0x98,0x12,0x3d,0x7c,0x9,0x2f,0x27,0x1,0x2b,0x3d,0x20,0x29,0xa,0x3,0x5b,0x6a,0x9c,0x2e,0x74,0x2a,0x88,0xa0,0xc4,
  0xb,0x22,0x68,0x42,0x1,0x30,0x2c,0x20,0x6f,0x9c,0x0,0x2c,0x6c,0x42,0x12,0xac,0x7e,0xd1,0x26,0x6f,0x25,0xa0,0x42,0x80,
  0xd,0x77,0x81,0x6d,0x69,0x6e,0x64,0x6,0x1,0x78,0x20,0x3c,0x20,0xac,0x11,0x4,0x20,0x3f,0x20,0x30,0x20,0x3a,0x20,0x22,
  0xe8,0x2e,0xa0,0x2,0x84,0x95,0x8a,0x5,0x61,0x78,0x68,0x5,0x12,0x68,0x91,0x23,0x82,0x3f,0x2c,0x20,0x76,0x9f,0x6c,0x65,
  0x1a,0x14,0x5f,0xa8,0x5,0x1a,0x38,0x5c,0x13,0x54,0xc1,0x15,0x80,0xf2,0xa4,0x19,0x68,0x1e,0x1c,0x1c,0x52,0x10,0x2,0x74,
  0xbf,0x60,0x21,0x6c,0xf,0x13,0xb4,0xa9,0x2,0x3d,0x20,0x6d,0x61,0x78,0x13,0x64,0x8c,0x94,0x20,0x25,0x14,0x45,0xd4,0x7,
  0x2e,0xf4,0x3,0x12,0xba,0x8a,0x20,0x2b,0xd4,0x15,0x88,0x21,0x6c,0xa8,0x13,0x19,0x9c,0x49,0x18,0x1,0x7b,0x70,0x20,0x6c,
  0x69,0x22,0x60,0x83,0x7,0x6c,0x79,0x20,0x62,0x65,0x74,0x77,0x65,0x65,0x6e,0x13,0xcb,0x91,0x6e,0x6f,0x2d,0xd4,0x33,0x1,
  0x73,0x63,0x61,0x6c,0x12,0x74,0x9b,0x1a,0x50,0x9e,0x2c,0x49,0x0,0x2e,0x22,0xe0,0x88,0xcc,0xf,0x2,0x3d,0x20,0x28,0x31,
  0x2e,0x12,0x7c,0x9a,0xa8,0x4,0xb4,0x41,0x74,0xbf,0xde,0x3,0x2b,0x20,0x2a,0x60,0x0,0x12,0x64,0x9a,0x2d,0x14,0x8,0x90,
  0x27,0xa0,0x44,0x64,0xe,0x13,0xdc,0xc5,0x2,0x2e,0x30,0x20,0x2f,0x20,0xa0,0x8,0xb8,0x3,0x1a,0xf4,0x98,0xd4,0x38,0x29,
  0x2c,0x1b,0x25,0x6e,0x46,0x2b,0x2b,0x60,0xde,0x16,0x48,0xa2,0xca,0x9,0x75,0x6d,0x2a,0x50,0x5,0x10,0x1,0xcc,0xc4,0x3b,
  0x54,0x5,0xd8,0x2a,0x1,0x9,0x73,0x75,0x6d,0x67,0x42,0x69,0x6e,0x70,0x2b,0xf9,0x48,0x6a,0x12,0xb4,0x8d,0x2b,0x9c,0x9,
  0x31,0xa4,0x5,0xa9,0x2d,0x9,0xbe,0x5f,0x5b,0x6f,0x78,0xde,0x9c,0x14,0x12,0x74,0x91,0x22,0xa0,0x4e,0x1e,0x28,0x57,0x6e,
  0xc,0x2a,0x20,0x88,0x1e,0xb4,0xe2,0x78,0x55,0x36,0x10,0x10,0x3,0x42,0x6c,0x75,0x72,0x45,0x78,0x2b,0x3c,0x16,0x22,0x68,
  0x54,0x6c,0x4e,0xc0,0x4d,0x68,0x1,0x9c,0xc,0x1f,0x4,0x57,0x3,0x6b,0x53,0x69,0x67,0x6d,0x61,0x27,0x38,0x0,0x2a,0x18,
  0x6,0xfc,0xb4,0x12,0x6e,0x8b,0x70,0x75,0xf6,0x74,0x2f,0x2f,0x25,0xcc,0x52,0x25,0x1,0x8c,0x73,0x7c,0x7,0x12,0xb5,0xc7,
  0x2e,0x86,0x56,0x2f,0x2f,0x25,0x5,0x53,0x20,0x68,0x2b,0x3,0x32,0x2e,0x32,0x35,0x3b,0x20,0x12,0xd0,0x9d,0x1a,0xa0,0x95,
  0x1,0x72,0x61,0x63,0x79,0x12,0x78,0xc7,0xb,0x72,0x65,0x61,0x73,0x65,0x73,0x20,0x77,0x68,0x65,0x6e,0x20,0x6d,0x20,0x1a,
  0x4e,0x7d,0x6e,0x63,0x8d,0x2,0x64,0x6c,0x46,0xa8,0x8e,0xf4,0xb,0x12,0x90,0xcd,0x22,0x34,0x91,0x3,0x2d,0x30,0x2e,0x34,
  0x31,0x33,0x1a,0xd0,0x43,0x2,0x34,0x30,0x34,0x39,0x35,0x1a,0xd1,0x2a,0x32,0x13,0x7c,0x9d,0x94,0x8,0x90,0x10,0x1,0x3d,
  0x31,0x2e,0x31,0x12,0xa4,0xfd,0x1,0x61,0x6c,0x65,0x72,0x74,0xa,0x32,0xc8,0x0,0x10,0x4,0xe8,0xc2,0x1a,0x54,0x83,0x12,
  0x2d,0xca,0x3b,0xaf,0xa2,0x9,0x2f,0x2f,0xac,0x12,0x29,0x34,0x1,0x6a,0x4,0x27,0x73,0x1a,0xc6,0x5,0x75,0x65,0x6d,0xa,
  0x32,0x28,0x84,0x2,0x6c,0x29,0x1,0x65,0x78,0x70,0x6e,0x1c,0xcb,0x1,0x3d,0x20,0x35,0xb9,0x8,0x2f,0x30,0x10,0x1,0x98,
  0x37,0x8a,0x12,0x20,0x35,0x7c,0x98,0x1a,0xc9,0x58,0x20,0x69,0x7,0x5b,0x13,0x18,0xf1,0x2,0x7b,0x65,0x78,0x70,0x28,0xcc,
  0x4,0x1,0x2a,0x20,0x28,0x2d,0x6c,0xe,0x6c,0x63,0xc5,0x1,0x29,0xf4,0xa6,0x68,0x6,0x2e,0x9c,0x0,0x22,0x18,0x43,0x28,
  0xac,0x0,0x94,0x1,0x3e,0xbd,0x0,0x32,0x2b,0xbe,0x0,0x32,0x29,0x3e,0xbd,0x0,0x33,0x2b,0xbd,0x0,0x33,0x3f,0xbd,0x0,0x34,
  0x2b,0xbf,0x0,0x34,0x29,0x29,0x22,0x94,0x5f,0x10,0x2,0xac,0x9d,0x84,0xa8,0x60,0x46,0x33,0xf8,0x6,0xb4,0x3,0x1,0x69,
  0x73,0x20,0x31,0x2c,0xa5,0x5,0x79,0x70,0xd5,0x1a,0x28,0x98,0x7c,0x0,0x24,0x4,0x3a,0x61,0x30,0x64,0x80,0x5b,0x22,0x60,
  0x29,0xa2,0x1,0x2b,0x20,0xa0,0x8,0x12,0x66,0xa6,0x20,0x2f,0xb0,0x1,0xb4,0x5,0xa7,0x7e,0x74,0x6d,0x70,0x25,0x14,0x22,
  0x1a,0x44,0x4,0x14,0x4a,0xd5,0x43,0x6f,0x28,0xec,0x1c,0x95,0x8,0x2c,0xd4,0xe5,0xb9,0x7,0x2c,0x7c,0x2e,0xb6,0x3c,0x2c,
  0x20,0x6c,0x33,0xa0,0x2,0x1,0x2c,0x20,0x72,0x2c,0x2b,0xd5,0x12,0x2c,0x12,0x0,0xf5,0x90,0x74,0x2a,0x40,0x1,0xf4,0x6d,
  0x27,0x60,0x1,0x8c,0xee,0x70,0x3f,0x9c,0x46,0x2c,0x46,0x1,0x74,0x6d,0xf8,0xe7,0x2c,0x1f,0xe,0x6f,0x75,0x74,0x60,0x70,
  0x18,0xa,0xb4,0xf,0x13,0xc,0xdc,0x1b,0x20,0x7f,0x5,0x44,0x79,0x6e,0x61,0x6d,0x69,0x63,0x73,0x23,0x64,0x56,0x23,0x94,
  0x56,0x29,0x74,0x3d,0xb0,0x1f,0x70,0x81,0x28,0x70,0x2b,0xcd,0x2,0x67,0x2a,0xc,0x31,0xcd,0x2,0x62,0xe8,0x4e,0x80,0x63,
  0x28,0xc8,0x0,0xa8,0x73,0xd0,0x4,0x1,0x72,0x5f,0x62,0x6c,0x12,0xd5,0xb3,0x64,0x2a,0x0,0x1,0x2b,0x84,0x0,0x1a,0xf4,
  0x10,0x3c,0x85,0x0,0x62,0x27,0xc,0x1,0x70,0xc5,0x95,0xd,0x9,0x24,0x70,0x22,0x7c,0xb8,0x26,0x5c,0x20,0x29,0x5c,0x17,
  0x29,0x0,0x3a,0x64,0x4,0x61,0xfe,0x69,0x27,0xc0,0x1f,0xec,0x86,0x8,0x65,0x6e,0x73,0x69,0x74,0x69,0x76,0x69,0x74,0x79,
  0x5b,0x25,0x44,0x2b,0x98,0xf4,0x7c,0x7b,0x1,0x43,0x61,0x6c,0x63,0x1b,0xba,0xa7,0x20,0x73,0x2b,0x94,0x0,0x3,0x20,0x62,
  0x61,0x73,0x65,0x64,0x17,0xe8,0xac,0x2,0x6d,0x6f,0x6f,0x74,0x68,0x17,0x9,0xcb,0x67,0x1a,0x3b,0x73,0x20,0x64,0x65,0x13,
  0xc2,0xa2,0x69,0x76,0x13,0x81,0xb1,0x9,0x1e,0xac,0x7e,0x5,0x70,0x72,0x65,0x5f,0x72,0x67,0x62,0x5b,0x1b,0x8d,0x0,0x7b,
  0x27,0x50,0x4,0x1a,0xfd,0xa5,0x20,0x27,0x0,0x4,0x94,0x1,0x27,0xb3,0x3,0x5b,0x69,0x5d,0x8c,0x62,0x2b,0xc,0x1,0x2,0x6d,
  0x69,0x78,0x65,0x64,0xfd,0x15,0x9,0x88,0x3a,0x1,0x41,0x62,0x73,0x6f,0x1d,0x6c,0x86,0xd6,0xc,0x2c,0x20,0x60,0x1,0x88,
  0x5,0x86,0x4d,0x9,0x9,0x2a,0x18,0x3,0x23,0x24,0xad,0x1c,0xec,0x75,0x27,0x98,0x0,0x22,0x7e,0x59,0x20,0x2f,0x28,0xd8,
  0x0,0x26,0xf0,0xa6,0x2b,0xe0,0x0,0x23,0x94,0xa5,0x2e,0xe2,0x0,0x31,0x5d,0x12,0xb0,0xaf,0x28,0x20,0x1,0x24,0x20,0xaf,
  0x2c,0xc4,0x1,0x23,0x28,0xa5,0x2e,0xe1,0x0,0x32,0x2d,0xe0,0x0,0x24,0xb0,0xaf,0xa4,0xde,0xcb,0x34,0x63,0x75,0x72,0x2a,
  0xd0,0x4,0x98,0x23,0x22,0x1e,0x6a,0x2c,0x20,0x22,0xc,0x41,0xb0,0x23,0x29,0xa8,0x0,0x80,0x1e,0xec,0x23,0x2e,0x68,0x4,
  0xce,0x9,0x2c,0x20,0x60,0x1,0x84,0x5,0xa8,0x23,0x27,0x38,0x0,0x1a,0x66,0x8a,0x2a,0x3d,0x2b,0xc0,0x7,0x24,0xa5,0xb2,
  0x9,0x28,0x88,0x0,0x12,0x9c,0xba,0x2c,0x88,0x0,0xd8,0x1d,0x28,0x88,0x0,0x1a,0xf0,0x1,0x2c,0x88,0x0,0xc0,0x1b,0xc0,
  0x15,0x4,0x78,0x2c,0x20,0x79,0x2c,0x20,0x7a,0x23,0x28,0x22,0x1f,0x84,0x75,0x28,0xf8,0x0,0x22,0x7c,0x5d,0x28,0x34,0x0,
  0x22,0x14,0x5d,0x28,0x34,0x0,0x22,0xac,0x5c,0x7,0x26,0x78,0x2c,0x20,0x26,0x79,0x2c,0x20,0x26,0x7a,0xb8,0x17,0x25,0xc4,
  0x6e,0x26,0x21,0x20,0x78,0xb4,0x2,0x70,0x24,0x74,0x9d,0x8f,0x70,0x29,0x28,0x79,0xb4,0x2,0x70,0x26,0x29,0x54,0x0,0xa4,
  0x8,0x36,0x94,0x20,0x5,0x4d,0x61,0x73,0x6b,0x48,0x69,0x67,0x68,0x22,0x90,0x27,0x61,0x65,0x79,0x22,0x1e,0x37,0x67,0x65,
  0xa8,0x86,0x9d,0xa,0x20,0x1a,0x8d,0xae,0x30,0x22,0xac,0x40,0x2a,0x39,0x0,0x79,0x27,0x3c,0x20,0x1a,0x21,0xad,0x5f,0x2c,
  0x8d,0x10,0x9,0x26,0x0,0x76,0x1a,0x60,0xc6,0x2c,0xe6,0x0,0x31,0x5f,0x2b,0xe5,0x0,0x31,0x2f,0xe4,0x0,0x2b,0xcd,0x10,
  0x63,0x9c,0xe,0x2e,0x49,0x0,0x79,0x12,0x6c,0xeb,0x12,0x8c,0xe2,0xc2,0x12,0x63,0x30,0x3d,0x15,0x1,0x31,0x6c,0x10,0x2c,
  0x14,0x1,0x9c,0x10,0x2e,0x48,0x0,0x2e,0x14,0x3,0x6c,0xca,0xc8,0xb5,0x68,0x1,0x94,0xb7,0x2a,0x18,0x12,0x70,0x2,0x22,
  0xf0,0x2e,0x2c,0x43,0x6f,0x2b,0x2b,0x78,0x27,0x10,0x12,0x23,0x2c,0x31,0x78,0x4,0x3e,0x8,0x2a,0x7c,0x97,0x1a,0xbc,0xa7,
  0x78,0x9,0x22,0x34,0x44,0x98,0xe,0x28,0xb0,0x6f,0xa4,0x15,0xcf,0x4b,0x61,0x76,0x65,0xc0,0x8c,0xbd,0xa4,0x28,0x78,0x24,
  0x13,0x68,0xb8,0x3,0x2b,0x20,0x63,0x31,0x5f,0x78,0x68,0x1,0x7a,0xee,0x30,0x2e,0x1c,0x87,0x49,0x9,0x9,0x9,0x69,0x4,
  0x79,0x7c,0x2,0x1a,0xfa,0x8e,0x31,0x5f,0x88,0x1,0x31,0x89,0x0,0x62,0x28,0x88,0x0,0x88,0x1,0x2c,0x88,0x0,0xa4,0x71,
  0xe8,0x9d,0x1,0x73,0x71,0x72,0x5f,0x1a,0x4,0x85,0x70,0xe0,0x1,0x20,0x3d,0x20,0x2d,0x23,0xc0,0x27,0x26,0x44,0x2d,0x23,
  0xe0,0xb7,0x24,0xf8,0x32,0x1d,0x66,0xc7,0x2d,0x31,0x13,0x25,0xa7,0x2d,0x12,0xa2,0xf3,0x29,0x28,0x9b,0x1b,0x29,0x2c,
  0x20,0x2a,0x34,0x0,0xd8,0xb,0x88,0x7,0xa4,0xde,0xc8,0x7,0x1b,0x25,0xc2,0x30,0x24,0x61,0x34,0x31,0x1a,0xf4,0x92,0x96,
  0x7,0x2c,0x20,0x1b,0xa8,0xc3,0x1a,0x70,0xa4,0x22,0xa4,0x23,0x7c,0x2,0x80,0x34,0xf8,0x8,0x27,0xea,0x5,0x64,0x69,0x22,
  0xcb,0x28,0x30,0x3b,0x20,0x63,0x1,0x3c,0x20,0x34,0x7b,0xc4,0x64,0x69,0x72,0x6c,0x34,0x10,0x1,0x51,0xd2,0x9,0x12,0x84,
  0xd5,0xd4,0xe,0x1,0x64,0x69,0x72,0x5d,0xd4,0x3,0x26,0x75,0x2f,0x9,0x22,0xc8,0x22,0x10,0x2,0x0,0xe8,0x24,0x58,0x44,
  0x68,0xd4,0xa4,0x33,0x6a,0x3c,0x69,0x78,0x1a,0x55,0xe,0x69,0x22,0xf8,0x36,0xc4,0x1f,0x60,0x9,0x85,0x80,0x9,0x27,0x70,
  0x17,0xd6,0x25,0x30,0x2e,0x1a,0xe8,0x7,0xf4,0x32,0x1a,0x30,0x5,0x64,0x37,0x78,0x32,0x7e,0xa5,0x2d,0x20,0x68,0x3c,0xcc,
  0x8e,0x6c,0x7,0x1a,0xa9,0xd2,0x2a,0x1c,0x0,0xca,0xfc,0x9,0x7c,0x15,0x2b,0x9,0x6,0x3c,0x23,0x38,0x22,0x2f,0xdc,0x2,
  0x2b,0x8c,0x0,0x2c,0x8,0x1,0x22,0xf4,0x30,0x17,0xe0,0xd6,0xb0,0x1,0xb4,0x19,0xdc,0x4c,0x8,0x6b,0x52,0x65,0x64,0x75,
  0x63,0x74,0x69,0x6f,0x6e,0x58,0x22,0x60,0x2c,0x22,0x36,0x8f,0x39,0x31,0x1b,0x28,0xa1,0x1a,0x82,0x5b,0x31,0x37,0xa8,
  0x11,0x35,0xc9,0x0,0x59,0x22,0x50,0x27,0x22,0xcc,0x89,0x8,0x2e,0x34,0x31,0x32,0x38,0x36,0x33,0x30,0x36,0x39,0x39,0xc8,
  0x44,0x35,0xc4,0x0,0x4,0x5a,0x20,0x3d,0x20,0x34,0x31,0x30,0x23,0x4,0xb1,0x78,0x5,0x1a,0xf9,0x64,0x35,0x32,0x8c,0x1,
  0x6,0x43,0x68,0x72,0x6f,0x6d,0x61,0x42,0x61,0x6c,0x1a,0xa0,0xa2,0x78,0xc,0x3,0x30,0x36,0x2e,0x39,0x35,0x38,0x1b,0x79,
  0x53,0x32,0x1a,0xcc,0x77,0xc4,0x13,0xd9,0x18,0x63,0x99,0x5,0x5f,0x23,0x4c,0x2d,0x22,0xc4,0xc1,0x2c,0xfb,0x0,0x2f,0x20,
  0x28,0xb0,0x2d,0x1a,0x9c,0x30,0x2b,0x68,0x0,0x74,0xa9,0x80,0x6c,0x2b,0xbf,0x2,0x6d,0x69,0x78,0x2b,0xf0,0xd,0x2b,0x76,
  0x1,0x2a,0x20,0x2a,0xcf,0x4,0x2f,0x20,0x28,0x2b,0xf5,0x5,0x2b,0x2a,0x74,0x0,0x26,0xa0,0x2d,0x28,0xc2,0x0,0x59,0x20,
  0x3a,0xc1,0x0,0x59,0xe0,0x6,0x37,0xc1,0x1,0x5a,0x3b,0xfd,0x0,0x5a,0xdc,0x7,0xdb,0x63,0x2f,0x2f,0x20,0x69,0xbe,0x72,
  0x1c,0xd8,0xaf,0x23,0x5e,0x3f,0x72,0x61,0x2d,0x5c,0x3f,0x1d,0xba,0xdb,0x20,0x63,0x1a,0x89,0xeb,0x20,0x22,0x4c,0x3f,
  0x12,0x70,0xdb,0x3,0x61,0x63,0x74,0x75,0x61,0x6c,0x80,0x23,0x23,0xf4,0x37,0x3,0x6c,0x6f,0x72,0x20,0x2d,0x2d,0x12,0x59,
  0xee,0x72,0x78,0x45,0x13,0x58,0xef,0x4,0x20,0x69,0x6d,0x70,0x6f,0x72,0x74,0x9c,0x33,0x1,0x6f,0x66,0x20,0x74,0x1a,0xa8,
  0xb4,0x23,0x81,0x5f,0x2e,0x9c,0x6,0x88,0xc6,0x98,0x94,0x29,0x9c,0x1a,0x60,0x2b,0x13,0xc4,0xd7,0x29,0x34,0x13,0x2,0x28,
  0x31,0x20,0x2d,0x20,0xa0,0x3,0x68,0x91,0x60,0x35,0x24,0x7f,0x6b,0x9,0x9,0x9,0xac,0xcb,0x82,0x96,0x3d,0x20,0xe0,0xe3,
  0xac,0x5,0x1a,0x94,0x36,0xdc,0xa0,0x12,0x44,0xeb,0x36,0x10,0x1,0x28,0x2d,0x2,0x79,0x31,0x18,0x1,0x22,0x13,0x20,0x20,
  0x63,0x30,0xac,0xa5,0x2a,0x18,0x1,0x22,0x29,0x24,0x2a,0xc4,0x74,0x6c,0x44,0xec,0x11,0x38,0x10,0x1,0xc0,0xae,0x3a,0x10,
  0x1,0x28,0x2c,0x2,0x80,0xaf,0x2d,0x5c,0x4,0x22,0xb4,0x21,0x6c,0x11,0xae,0x3,0x2b,0x20,0x27,0x5c,0x4,0x74,0x85,0xac,
  0x11,0x24,0xb4,0x7f,0xec,0x11,0xa0,0x5,0x2c,0x5c,0x4,0xb2,0x8,0x31,0x5f,0xac,0x3,0x3b,0x10,0x1,0x70,0x81,0x36,0xc4,
  0x20,0x90,0xee,0x1,0x63,0x6f,0x70,0x79,0xac,0x2e,0x2,0x20,0x2a,0x64,0x73,0x74,0x2d,0x43,0x1e,0x73,0x72,0x63,0x24,0x0,
  0x51,0x74,0xda,0x2e,0xc0,0x1c,0x2f,0xd0,0x2e,0x2a,0xb,0xd2,0x64,0x73,0x74,0x24,0x87,0x91,0x73,0x72,0x63,0x1c,0xdc,
  0xc0,0x22,0xa4,0x28,0x33,0x28,0x5f,0x23,0x68,0x66,0x7e,0x10,0x5f,0x67,0x1f,0x9c,0x44,0xac,0x11,0x2d,0x3c,0x76,0x80,
  0x5,0x1,0x5f,0x74,0x20,0x2a,0x20,0x4d,0x58,0x2,0x2d,0x50,0x2,0xb0,0x88,0x20,0x4d,0x2c,0x2,0x22,0x7c,0x33,0x23,0x80,
  0x2c,0x2b,0x38,0x38,0x2f,0x24,0x38,0x24,0xc0,0x32,0x18,0x6,0x88,0x13,0xf8,0x36,0x23,0x7a,0x42,0x72,0x67,0x28,0xba,
  0x32,0x33,0x5d,0x2d,0xa5,0x0,0x3b,0x22,0x14,0x43,0x22,0x54,0x36,0x90,0xe0,0x22,0x9,0x4d,0x3b,0x1c,0xac,0xe6,0x60,0xed,
  0x28,0x3c,0x36,0x25,0x3c,0x4a,0x71,0xd,0x69,0x1c,0x83,0x12,0x38,0x2c,0x20,0x23,0x92,0x46,0x30,0x2c,0x22,0x98,0x5c,
  0x26,0xf0,0x37,0x1e,0x3c,0xc8,0x6c,0x50,0x30,0xf0,0x2,0x24,0x60,0x2a,0x70,0x8,0x22,0x8,0x2d,0x7c,0x0,0x22,0xf0,0x2c,
  0x7c,0x0,0x22,0xd8,0x2c,0x2a,0x9c,0x2,0xdc,0x3,0x27,0x58,0x1,0xdc,0x4,0x27,0x3c,0x0,0x7d,0x5,0x6b,0x18,0x3,0x58,0x44,
  0x6c,0x79,0x2e,0xa4,0x9,0xc8,0xc8,0x1d,0x98,0x15,0x23,0x34,0x3d,0x0,0x28,0x38,0x78,0x38,0x42,0x6c,0x6f,0x63,0x6b,0x28,
  0x5f,0x5f,0x70,0x72,0x69,0x76,0x61,0x74,0x65,0x20,0x66,0x6c,0x6f,0x61,0x74,0x20,0x72,0x67,0x62,0x30,0x5f,0x63,0x5b,
  0x33,0x5d,0x5b,0x6b,0x44,0x43,0x54,0x42,0x6c,0x6f,0x63,0x6b,0x53,0x69,0x7a,0x65,0x5d,0x2c,0x20,0x5f,0x5f,0x70,0x72,
  0x69,0x76,0x61,0x2a,0xa5,0x0,0x31,0x34,0xa4,0x0,0xb,0x63,0x6f,0x6e,0x73,0x74,0x20,0x5f,0x5f,0x67,0x6c,0x6f,0x62,0x61,
  0x6c,0xc0,0xb,0xa,0x2a,0x6d,0x61,0x73,0x6b,0x5f,0x73,0x63,0x61,0x6c,0x65,0x5f,0x62,0x78,0xa,0x0,0x1a,0x29,0xd,0xa,
  0x7b,0xd,0xa,0x9,0x43,0x61,0x6c,0x63,0x4f,0x70,0x73,0x69,0x6e,0x44,0x79,0x6e,0x61,0x6d,0x69,0x63,0x73,0x49,0x6d,0x61,
  0x67,0x65,0x28,0x72,0x67,0x62,0x31,0x5f,0x63,0x29,0x3b,0xd,0xa,0xd,0xa,0x9,0x66,0x27,0x69,0x2,0x5b,0x2f,0x61,0x2,0x3b,
  0x2a,0x7d,0x0,0x31,0x33,0x7c,0x0,0xe4,0x4,0x3,0x63,0x6f,0x70,0x79,0x28,0x26,0x64,0x1c,0x5,0x5b,0x30,0x5d,0x5b,0x30,
  0x5d,0x2c,0x20,0x92,0x1,0x5f,0x63,0xf8,0x1,0x1,0x33,0x20,0x2a,0x20,0x2b,0xd8,0x3,0x7c,0xf,0xb4,0xf,0x27,0xed,0x0,0x31,
  0xf0,0x5,0x6c,0x7,0x60,0x20,0xc8,0x9,0x33,0xec,0x0,0x0,0x8,0xd,0xa,0x9,0x4d,0x61,0x73,0x6b,0x48,0x69,0x67,0x68,0x49,
  0x6e,0x74,0x65,0x6e,0x73,0x69,0x74,0x79,0x43,0x68,0x61,0x6e,0x67,0x65,0x84,0x2b,0x75,0x1c,0x30,0x80,0x11,0x93,0x12,
  0x31,0x5d,0x2c,0x9c,0x2f,0x4,0x5b,0x32,0x5d,0x2c,0xd,0xa,0x9,0xc0,0x0,0x68,0x2,0x70,0xe,0x8e,0x3,0x31,0x5b,0xd1,0x4,
  0x31,0x30,0x90,0x0,0x7c,0x36,0x70,0x1a,0x6e,0x9,0x5f,0x63,0xe0,0x5,0x74,0x2,0x30,0x3c,0x1,0x8c,0x1e,0xa4,0xa,0x28,
  0xa8,0x0,0x74,0x19,0x2c,0xa8,0x0,0x1,0x38,0x2c,0x20,0x38,0x6c,0x20,0xa,0xd,0xa,0x9,0x64,0x6f,0x75,0x62,0x6c,0x65,0x20,
  0x62,0x30,0x5b,0x2f,0xa5,0x3,0x5d,0x6c,0x30,0xfd,0x3,0x31,0x35,0x7c,0x0,0x0,0xc,0x66,0x6f,0x72,0x20,0x28,0x69,0x6e,
  0x74,0x20,0x63,0x20,0x3d,0x20,0x30,0x3b,0x20,0x63,0x20,0x3c,0x20,0x33,0x3b,0x20,0x2b,0x2b,0x63,0x29,0xd,0xa,0x9,0x65,
  0x41,0x9,0x27,0x8a,0x0,0x69,0x78,0xac,0x4,0x1,0x69,0x78,0x20,0x3c,0x2c,0x40,0x6,0x62,0x6,0x69,0x78,0x64,0x6,0xa8,0x6,
  0x2,0x9,0x62,0x30,0x5b,0x63,0x2e,0xd4,0x6,0x5,0x20,0x2b,0x20,0x69,0x78,0x5d,0x20,0x3d,0x64,0x27,0x4,0x30,0x5b,0x63,
  0x5d,0x5b,0x69,0x78,0x88,0x14,0x1,0x9,0x9,0x62,0x31,0x3c,0xb5,0x0,0x31,0x2a,0xb4,0x0,0x2,0x7d,0xd,0xa,0x9,0x7d,0x9c,
  0x4f,0xcc,0x1b,0x7,0x64,0x69,0x66,0x66,0x5f,0x78,0x79,0x7a,0x5f,0x64,0x60,0x64,0x5,0x20,0x3d,0x20,0x7b,0x30,0x2e,0x30,
  0x7d,0x29,0xf0,0x3,0x27,0x81,0x0,0x61,0x3e,0x80,0x0,0x1,0x65,0x64,0x67,0x65,0x30,0x18,0x1,0x8,0x42,0x75,0x74,0x74,
  0x65,0x72,0x61,0x75,0x67,0x6c,0x69,0x9c,0x43,0xa,0x44,0x69,0x66,0x66,0x28,0x62,0x30,0x2c,0x20,0x62,0x31,0x2c,0x20,
  0x27,0x72,0x1,0x64,0x63,0x29,0x31,0x0,0x61,0x2a,0x30,0x0,0xd4,0xa,0x2c,0xc4,0x6,0x7c,0x6,0x7b,0x29,0x2e,0x30,0x66,
  0x2e,0xa8,0x2,0x7c,0x5,0x28,0x68,0x0,0x78,0x64,0x20,0x1,0x90,0x6,0x9a,0x9,0x2b,0x3d,0x2a,0x38,0x2,0x3,0x5b,0x63,0x5d,
  0x20,0x2a,0x20,0x2e,0x7e,0xf,0x5b,0x63,0xb0,0x2e,0x2f,0xc2,0x0,0x61,0x63,0x20,0x1,0xc1,0x0,0x5f,0x88,0x13,0x2a,0x98,
  0x1,0x60,0x2,0x64,0x26,0x3a,0xac,0x1,0x64,0x36,0xb0,0x8f,0xc4,0x36,0x8,0x6b,0x45,0x64,0x67,0x65,0x57,0x65,0x69,0x67,
  0x68,0x74,0xbd,0x1c,0x35,0x68,0x20,0xe,0x72,0x65,0x74,0x75,0x72,0x6e,0x20,0x73,0x71,0x72,0x74,0x28,0x28,0x31,0x20,
  0x2d,0x20,0x29,0x9b,0x0,0x29,0x20,0x2a,0x8a,0x1b,0x20,0x2b,0x2a,0x54,0x0,0xd0,0x2,0x94,0x12,0x74,0x2b,0x9b,0x42,0x2f,
  0x2f,0x20,0xc4,0x9,0x0,0x2a,0x74,0x68,0x65,0x20,0x63,0x6f,0x75,0x6e,0x74,0x20,0x6f,0x66,0x20,0x4e,0x6f,0x6e,0x2d,0x7a,
  0x65,0x72,0x6f,0x20,0x69,0x74,0x65,0x6d,0xd,0xa,0x5f,0x5f,0x64,0x65,0x76,0x69,0x63,0x65,0x5f,0x5f,0x20,0x69,0x6e,0x74,
  0x20,0x4d,0x61,0x6b,0x65,0x49,0x6e,0x70,0x75,0x74,0x4f,0x72,0x64,0x65,0x72,0x45,0x78,0x28,0xbc,0x15,0x5,0x63,0x6f,
  0x65,0x66,0x66,0x5f,0x74,0x20,0x84,0xa3,0x84,0x68,0x5,0x38,0x20,0x2a,0x20,0x38,0x5d,0x2c,0x20,0x2c,0x7c,0x0,0x1,0x6f,
  0x72,0x69,0x67,0xb8,0xa7,0x2b,0x90,0x0,0x1,0x49,0x6e,0x74,0x46,0x6c,0xa4,0x8,0x50,0x61,0x69,0x72,0x4c,0x69,0x73,0x74,
  0x20,0x2a,0x69,0x6c,0xc,0x3,0x5f,0x6f,0x72,0x64,0x65,0x72,0xc0,0xad,0xa0,0x9,0x64,0x70,0x90,0xc,0x7,0x5f,0x73,0x69,
  0x7a,0x65,0x20,0x3d,0x20,0x36,0x34,0x68,0x22,0x78,0x2,0xc1,0x2,0x30,0x7c,0x1,0x27,0x28,0xe,0x20,0x2,0xb4,0xe,0x7,0x6b,
  0x20,0x3d,0x20,0x31,0x3b,0x20,0x6b,0x20,0x3c,0xb8,0x17,0x84,0xb,0x61,0x75,0x6b,0x29,0x9c,0xe,0x62,0xc,0x69,0x64,0x7c,
  0x7a,0x78,0x75,0x29,0x7,0x2,0x2b,0x20,0x6b,0x60,0xe,0x3,0x9,0x9,0x69,0x66,0x20,0x28,0x9c,0x2,0x7,0x5b,0x69,0x64,0x78,
  0x5d,0x20,0x21,0x3d,0x20,0x30,0x9c,0x7,0xc0,0x7d,0xb8,0xb0,0x2,0x20,0x73,0x63,0x6f,0x72,0x78,0x16,0x2,0x5f,0x61,0x62,
  0x73,0x28,0x29,0x34,0x4,0x6c,0x6,0x6f,0x37,0x63,0x73,0x66,0xbc,0x7,0x3,0x2b,0x20,0x62,0x69,0x61,0x73,0x8c,0x1,0xbd,
  0xb,0x9,0xdc,0x1b,0xc,0x6c,0x69,0x73,0x74,0x5f,0x70,0x75,0x73,0x68,0x5f,0x62,0x61,0x63,0x6b,0x28,0x29,0xa0,0x4,0x3,
  0x2c,0x20,0x69,0x64,0x78,0x2c,0xa8,0xc,0x76,0x3c,0x9,0x9,0x7c,0x7f,0xb0,0x0,0x85,0x3e,0x9,0xdc,0x3d,0x2,0x53,0x6f,
  0x72,0x74,0x49,0x60,0x2c,0x90,0x38,0x2a,0x8,0x1,0x6,0x2d,0x3e,0x70,0x44,0x61,0x74,0x61,0x2c,0x20,0x70,0xd,0x6c,0x8,
  0x9c,0x6,0x2d,0xc,0x8,0x4,0x47,0x65,0x74,0x4f,0x72,0x69,0x67,0x89,0x7c,0x28,0x3d,0xd8,0x1d,0x27,0x1c,0x18,0xb8,0x37,
  0x2e,0x50,0x1d,0x85,0x20,0x69,0x64,0xe6,0x3,0x5f,0x62,0x61,0x74,0x63,0x68,0x28,0xdc,0x18,0x60,0x2e,0x4,0x77,0x69,0x64,
  0x74,0x68,0x5f,0x2c,0x81,0x4f,0x68,0x95,0x60,0x5f,0x2c,0x80,0x0,0x9e,0x2d,0x5f,0x78,0xa4,0x4,0xb1,0x1,0x79,0x2c,0x84,
  0x0,0x3,0x66,0x61,0x63,0x74,0x6f,0x72,0x2c,0x4d,0x0,0x6f,0x78,0xa0,0xac,0x6,0x69,0x1,0x79,0xc0,0x4c,0x64,0xe,0xad,0x8,
  0x78,0x7c,0x3c,0xcb,0x1,0x20,0x2a,0x20,0xaf,0x8,0x20,0x2b,0x20,0x75,0x5,0x78,0x74,0x31,0x28,0xa8,0x0,0x1,0x79,0x79,
  0x20,0x3d,0xd9,0x46,0x79,0x2e,0xa9,0x0,0x79,0x88,0x5,0xfb,0x42,0x5f,0x78,0x78,0x68,0x62,0x1,0x20,0x3e,0x3d,0x20,0xbf,
  0x1a,0x20,0x7c,0x7c,0xe4,0x7,0x69,0x7,0x38,0x64,0x3,0xd4,0x1c,0x80,0x47,0xd3,0x35,0x2d,0x31,0x3b,0x90,0xb8,0xa0,0x28,
  0x27,0xe6,0x1,0x38,0x5f,0x94,0x8,0x1,0x20,0x3d,0x20,0x28,0x80,0x1,0xb,0x5f,0x20,0x2b,0x20,0x38,0x20,0x2d,0x20,0x31,
  0x29,0x20,0x2f,0x20,0x38,0xa8,0x6,0x27,0xb1,0x0,0x5f,0x84,0xd2,0xa5,0x1a,0x79,0x70,0xd,0x88,0x1,0xe9,0x8,0x2b,0xd9,
  0x10,0x78,0x6f,0x1b,0xd,0xa,0x9,0x27,0x90,0x6,0xa8,0xe,0xa5,0x3c,0x2a,0x8a,0x6,0x5f,0x6f,0x22,0xa8,0x23,0x1,0x20,0x3d,
  0x20,0x26,0x2e,0xe5,0x6,0x5b,0xbd,0x3,0x69,0x70,0x1c,0x34,0x84,0x1d,0x27,0x4d,0xe,0x69,0x6f,0x99,0x3b,0x20,0x69,0xe5,
  0xe8,0x69,0x78,0x1d,0x2c,0x4,0x1d,0x6d,0x72,0x30,0xac,0x72,0x2b,0x40,0x23,0x2,0x3b,0x20,0x6b,0x2b,0x2b,0x78,0x5,0xd4,
  0x6a,0x25,0xac,0x20,0x1,0x69,0x5d,0x5b,0x6b,0x60,0xe6,0xac,0x10,0x8e,0x14,0x5b,0x69,0x31,0x59,0x1d,0x6b,0xa8,0xba,
  0x7c,0xac,0x80,0x5b,0xe0,0x62,0xbd,0x6,0x69,0x7c,0x1f,0x9c,0x2,0x29,0xc0,0xb,0xc4,0xb1,0x3,0x43,0x6f,0x6d,0x70,0x61,
  0x72,0x24,0xd9,0x23,0x46,0x8e,0x4a,0x31,0x28,0xb8,0x23,0x0,0x2,0x63,0x68,0x61,0x6e,0x6e,0x65,0x6c,0x5f,0x69,0x6e,0x66,
  0x6f,0x20,0x6d,0x61,0x79,0x6f,0x75,0x74,0x5f,0xce,0x2,0x5b,0x33,0x2a,0x20,0x24,0x3,0x9,0x20,0x20,0x5f,0x5f,0x70,0x25,
  0xc,0x2a,0xcc,0x7,0xd8,0xa6,0x6,0x2a,0x63,0x61,0x6e,0x64,0x69,0x64,0x61,0x74,0x25,0x6c,0x29,0x28,0xbc,0xa,0x1,0x9,0x9,
  0x20,0x20,0xac,0x5,0x28,0x31,0x7,0x78,0x3c,0x78,0x0,0x29,0x4,0xc,0x74,0x7,0x34,0x34,0x7,0x2e,0xf8,0x6,0x2c,0x48,0x1,
  0x34,0xcc,0x0,0x28,0x84,0x1c,0x2c,0xb4,0x0,0x28,0x7c,0x2,0xa4,0x79,0x9c,0x51,0x3c,0x88,0x0,0xbc,0x5c,0xc0,0x6f,0x20,
  0x2,0x54,0x4,0x28,0x40,0x5,0x6c,0x6a,0x27,0x24,0x9,0x2c,0x75,0x17,0x63,0xa8,0x43,0x84,0x49,0x28,0x40,0x5,0xe9,0x7,
  0x63,0x61,0x44,0x26,0x28,0x5c,0x0,0x8c,0x3e,0x23,0x38,0x25,0xa8,0xd5,0x60,0xb,0x90,0x3f,0xc,0x9,0x75,0x63,0x68,0x61,
  0x72,0x20,0x79,0x75,0x76,0x31,0x36,0x78,0x31,0x36,0x80,0xd5,0x4,0x31,0x36,0x20,0x2a,0x20,0x31,0x36,0x68,0x8,0x4,0x7b,
  0x30,0x7d,0x3b,0x20,0x2f,0x2f,0xf4,0x82,0xb,0x32,0x20,0x6d,0x6f,0x64,0x65,0x20,0x6f,0x75,0x74,0x70,0x75,0x74,0x20,
  0x82,0x20,0xd,0xa,0x28,0xb,0x1,0x38,0x78,0x38,0x80,0x8,0xac,0xc,0x23,0xcc,0x25,0x2,0x7d,0x3b,0x9,0x20,0x20,0x29,0x5,
  0x1,0x31,0x32,0x6,0x1,0xd,0xa,0x28,0x38,0x29,0x38,0x94,0x3,0x6c,0xce,0x2d,0xcb,0x9,0x63,0x5d,0x2e,0xdc,0x95,0x1,0x3d,
  0x3d,0x20,0x31,0x29,0xa8,0xc,0x38,0x94,0x5,0x90,0x50,0x9b,0x21,0x20,0x3d,0x20,0x28,0x80,0x4,0x28,0xe0,0x4,0x6b,0x23,
  0x9,0x9,0x43,0x7c,0x4,0x6,0x54,0x6f,0x59,0x55,0x56,0x38,0x78,0x38,0x28,0xa4,0xfe,0x94,0x6,0x3,0x2c,0x20,0x26,0x79,
  0x75,0x76,0x66,0x1d,0x63,0x5d,0x6c,0xc6,0xa4,0xce,0x2,0x9,0x65,0x6c,0x73,0x65,0x78,0xbf,0x9d,0x31,0x9,0x29,0xf8,0xa,
  0x2a,0x75,0x15,0x2f,0x2e,0xc8,0xc,0x27,0xfc,0x2,0xb0,0xe,0x28,0xd8,0x0,0x2b,0xa4,0x15,0x20,0x3,0xd8,0x0,0x29,0xcf,
  0x13,0x78,0x20,0x25,0x3d,0x9c,0x1,0x28,0xb5,0x1,0x69,0x2a,0x44,0x17,0x3b,0xd8,0x0,0x70,0x1b,0x29,0x5c,0x3,0x94,0x45,
  0x24,0x8c,0x20,0x99,0x22,0x5f,0x84,0xad,0x30,0x78,0x6,0xb0,0x3,0x91,0x64,0x20,0x2b,0xea,0x15,0x9,0x9,0x2e,0xe8,0x15,
  0xb3,0x2c,0x74,0x20,0x2a,0xa0,0x1,0x86,0x7,0x20,0x3d,0x31,0x28,0x3,0x9c,0x3,0x27,0x34,0x1,0x27,0x26,0x2,0x2a,0x20,
  0x9c,0x4e,0xb4,0xc1,0x2a,0x4,0x7,0x86,0x4,0x5f,0x67,0x30,0x14,0x7,0x82,0x3,0x5b,0x63,0x29,0xdd,0x12,0x20,0x31,0xb8,
  0x1,0x3,0x70,0x69,0x78,0x65,0x6c,0x2c,0x27,0xd8,0x18,0xe5,0x1,0x79,0x29,0xe9,0x11,0x20,0xac,0x61,0xb4,0xd4,0x28,0x30,
  0x10,0xf8,0x2,0xc0,0x80,0xe7,0x13,0x2f,0x2f,0x20,0x22,0x84,0x3a,0x1,0x20,0x59,0x55,0x56,0x84,0x10,0x7,0x20,0x63,0x6f,
  0x72,0x6e,0x65,0x72,0x20,0x74,0x6f,0x6b,0x2,0x38,0x78,0x38,0x8c,0x2d,0x1,0x43,0x6f,0x70,0x79,0x9a,0x3,0x54,0x6f,0x68,
  0x50,0x74,0x4e,0x98,0x1,0x7c,0x15,0x29,0xf,0xa,0x2c,0x20,0x69,0x22,0x49,0x20,0x79,0x28,0x2c,0xa,0xbc,0x7a,0x80,0x51,
  0xb4,0xd9,0xdc,0xc6,0x33,0x34,0x3e,0x29,0x4b,0x7,0x38,0x78,0x38,0xa0,0x3a,0x2b,0xc8,0x23,0xb2,0x7,0x2c,0x20,0x2f,0xc,
  0x15,0x2b,0xc8,0x3,0xd0,0x1,0xa0,0x1d,0xe5,0x24,0x78,0xe0,0x1,0x7,0x79,0x2c,0x20,0x31,0x2c,0x20,0x30,0x2c,0x20,0x30,
  0x74,0x14,0x74,0x1b,0x64,0x5d,0x4,0x69,0x6e,0x73,0x69,0x64,0x65,0x5f,0x2a,0x80,0xc,0x68,0x38,0x65,0xfb,0x3e,0xdc,0x9,
  0xbd,0x46,0x3f,0x2b,0x35,0x0,0x2d,0xe4,0x31,0x23,0x81,0x21,0x3a,0x99,0xff,0x9,0x98,0x18,0xc0,0xa,0x2a,0x48,0xb,0x2e,
  0x40,0x1,0xa1,0x14,0x20,0xe4,0xa,0xd8,0x1,0xe8,0xa,0x22,0xb2,0x20,0x38,0x20,0xe8,0xa,0x27,0xf0,0x4,0x22,0xa8,0x3d,
  0x32,0xf0,0x4,0x60,0x19,0x2,0x59,0x55,0x56,0x54,0x6f,0x24,0x14,0x44,0xb8,0x82,0x27,0x9c,0x3e,0x25,0x74,0x3f,0x70,0x7,
  0x26,0x1a,0x40,0x5f,0x63,0x22,0x21,0x40,0x20,0x22,0xa0,0x3e,0x22,0x44,0x26,0xb8,0x1f,0x27,0x24,0x0,0x88,0x38,0x6c,0xa,
  0x25,0x2c,0x24,0x77,0xf0,0x75,0x74,0x65,0x93,0xb,0x38,0x78,0x38,0x24,0x4,0x2a,0xf8,0x31,0x24,0xc9,0x45,0x2c,0x29,0x20,
  0x37,0x27,0x40,0xc,0xdf,0x38,0x2a,0x20,0x33,0x74,0x2d,0x22,0x54,0x2c,0x85,0x42,0x5f,0x28,0x6c,0x33,0xd8,0xfc,0xa9,
  0xfb,0x32,0x20,0xd,0x68,0x1f,0x20,0x12,0x5c,0x1f,0x3a,0x50,0x1f,0x30,0x6c,0x0,0x28,0x58,0xd,0x68,0xd,0x25,0x58,0x4a,
  0xb4,0xee,0xa5,0x32,0x2a,0x2f,0x28,0xa,0x70,0x26,0x22,0x0,0x46,0x36,0xc0,0x0,0x31,0x2c,0x1f,0x2a,0xdc,0x1,0x9c,0xd8,
  0x2d,0xec,0xe,0x30,0x7c,0x0,0xac,0x45,0xd4,0xf8,0xbc,0x11,0x74,0x58,0xfe,0xcf,0x20,0x32,0x74,0xaa,0x38,0xdc,0x19,0x27,
  0xcc,0x23,0xe5,0xcd,0x33,0x23,0x78,0x26,0x20,0x0,0x15,0x74,0x1f,0x27,0xd0,0x4,0x98,0xd7,0x4,0x30,0x3b,0x20,0x69,0x79,
  0x20,0x3c,0x25,0x8c,0x22,0x22,0x2d,0x3b,0x69,0x22,0x96,0x33,0x9,0x9,0x25,0xd8,0x2c,0x28,0x6c,0x21,0x90,0xe4,0x78,0x5,
  0x22,0xa8,0x4a,0xa0,0x37,0x99,0x5,0x78,0x23,0xe4,0x20,0x27,0xbc,0x0,0x90,0x89,0x98,0xcf,0x22,0x18,0x33,0x26,0xc4,0x33,
  0x22,0xac,0x2f,0xac,0x6,0x23,0xc8,0x4a,0x74,0x3d,0x6c,0x4e,0x6c,0x40,0xac,0x5,0x2b,0xcc,0x1e,0x29,0x21,0x35,0x69,0x22,
  0x68,0x34,0xc8,0x54,0x1,0x2f,0x2f,0x2f,0x20,0x22,0x1e,0x23,0x69,0x78,0x22,0xcc,0x3c,0x23,0x88,0x35,0x22,0x66,0x34,
  0x69,0x79,0xfa,0x1,0x79,0x29,0x22,0x4,0x2c,0x2,0x74,0x69,0x6e,0x75,0x65,0x27,0x84,0x1,0x2a,0x51,0x35,0x3e,0x32,0x40,
  0x1c,0xbc,0xf,0xb2,0xa5,0x7c,0x7c,0xc9,0xd,0x9,0xb7,0x2,0x79,0x79,0x20,0x39,0xcc,0x0,0x27,0x50,0xb,0x68,0x19,0xfc,
  0x25,0x2,0x9,0x9,0x63,0x6f,0x6e,0x2b,0x8,0x2,0x22,0xc,0x31,0x64,0x4,0x28,0xb0,0x3,0xd0,0x8c,0xf0,0x23,0x20,0x12,0xf4,
  0x1f,0x20,0x27,0xfc,0x1f,0xc4,0x11,0x65,0xbd,0x2a,0xd1,0xc1,0x9,0x2a,0xf7,0x1f,0x38,0x78,0x38,0x32,0xec,0x1f,0x28,0x4,
  0x27,0xdc,0x25,0x29,0x57,0x1e,0x38,0x78,0x38,0xd0,0xf1,0x1,0x31,0x36,0x31,0x36,0xd8,0xf3,0xd8,0x4,0x78,0xf2,0x2,0x38,
  0x78,0x38,0x54,0x6f,0x91,0xf1,0x28,0x78,0xf2,0xa8,0x9,0x24,0x60,0x28,0x94,0x2,0x88,0xf4,0x2a,0x58,0x1e,0x25,0x90,0x28,
  0x6c,0xb1,0xc8,0x1,0x2c,0xbc,0x28,0x38,0xd8,0x10,0x22,0x18,0x2a,0x24,0xc,0x49,0x20,0x6,0xb8,0x2a,0x80,0x10,0x20,0x3,
  0xa8,0x23,0x30,0xac,0x26,0x2c,0xa0,0x23,0x28,0xf0,0x1e,0xc6,0x1f,0x9,0x9,0x32,0xa0,0x14,0xd0,0x2,0xc0,0x49,0x8c,0x56,
  0x74,0x45,0x88,0xce,0x80,0x69,0xd4,0xf2,0x2c,0x98,0x1f,0x5,0x31,0x36,0x20,0x2b,0x20,0x31,0x36,0x20,0x20,0x7,0xa0,0x1f,
  0x4,0x31,0x36,0x20,0x3a,0x20,0x31,0x36,0x78,0xb,0x6c,0x50,0xcc,0xa,0x2c,0xa4,0x1f,0x2e,0x4c,0x1,0xa8,0x12,0x3a,0xac,
  0x1f,0x28,0x54,0x1,0x22,0x4,0x32,0x22,0x4c,0x4e,0x22,0x14,0x5a,0x84,0x28,0x22,0x6c,0x62,0x26,0x1c,0x34,0x74,0xe,0x2c,
  0x9c,0x1f,0x88,0x4,0xa4,0xfd,0x23,0xd4,0x34,0xec,0xfd,0x90,0x1,0xf4,0xfd,0x90,0x1,0x3,0x32,0x5d,0x2c,0x20,0x31,0x36,
  0xac,0x0,0xd4,0x16,0x22,0xb8,0x26,0x24,0xe8,0x23,0xe4,0xfe,0xdc,0xf1,0x4,0x6d,0x61,0x78,0x5f,0x65,0x72,0x72,0x23,0xc0,
  0x40,0x60,0x12,0x26,0x7c,0x57,0x3b,0x94,0x13,0x24,0x9c,0x27,0x27,0xa8,0x0,0x78,0x2c,0x37,0x84,0x13,0x8c,0x5,0x90,0x32,
  0xac,0x83,0x36,0xe8,0x47,0x23,0x6e,0x40,0x9,0x9,0x29,0xa4,0x0,0x20,0x1,0x6c,0x13,0x74,0x9a,0x27,0x54,0x1,0x72,0x71,
  0x3e,0x3d,0x2b,0xd8,0x26,0xfc,0x92,0xac,0x4,0x9c,0x85,0x23,0x10,0x48,0xac,0x4a,0xac,0x35,0xb8,0xb0,0xb4,0x14,0x2d,0xc,
  0x12,0xbd,0x49,0x9,0x25,0x60,0x51,0x24,0x14,0x24,0x6c,0x34,0x2b,0xc0,0x44,0x84,0xea,0x2a,0xd8,0x2,0xce,0x83,0x3d,0x20,
  0x20,0x33,0x48,0x2b,0xb0,0xc1,0x2a,0xfc,0x2d,0x80,0x65,0x24,0x90,0x22,0x24,0x7c,0x26,0x36,0x84,0x2,0x70,0x88,0x8e,
  0x48,0x54,0x6f,0x22,0x87,0x69,0x6e,0x65,0x6c,0x22,0x74,0x69,0x84,0x2,0xb4,0x4a,0x3a,0xc8,0x67,0x2b,0xc0,0x2f,0x26,
  0xa8,0x67,0xbc,0x46,0x20,0x26,0xca,0x28,0x9,0x9,0x28,0x28,0xa,0x1,0x6d,0x61,0x78,0x28,0xd4,0x1,0x2,0x2c,0x20,0x65,
  0x72,0x72,0x23,0x4c,0x29,0x80,0x99,0x78,0x7c,0x25,0xa8,0x2a,0xc3,0x4,0x3b,0xd,0xa,0x9c,0x34,0x30,0xa8,0x29,0x60,0x13,
  0x2c,0x44,0x49,0x20,0xd,0xd4,0x29,0x1,0x9,0x9,0x9,0x20,0x38,0x90,0x14,0x27,0x6c,0x25,0x90,0x4b,0x28,0xfe,0x35,0x9,0x9,
  0x72,0xe9,0x73,0x74,0x23,0x4c,0x55,0x8d,0x3,0x5f,0x2c,0x38,0x49,0x28,0x18,0x27,0xb4,0x3,0x28,0xec,0x29,0xa0,0xe,0x20,
  0xc,0xf4,0x29,0x38,0xc8,0x0,0x31,0xfc,0x29,0x70,0x5,0x28,0xf4,0x1,0xb0,0x60,0x80,0xf8,0x35,0xf4,0x2,0xa4,0x4,0xb8,
  0x64,0x35,0x88,0x0,0xbc,0x51,0x25,0x80,0x2a,0x20,0x2,0xb0,0x4,0x20,0x0,0x23,0x20,0x2a,0x70,0x9e,0xb9,0x2e,0x20,0x27,
  0x0,0x4a,0x26,0x14,0x25,0x38,0x4,0x6,0x20,0x6,0x4c,0x1f,0x20,0xb,0xc,0x4a,0x81,0x72,0x9,0x27,0x14,0x4a,0xec,0x10,0x20,
  0x7,0xa0,0x2c,0xfc,0x5,0x20,0x9,0xa8,0x2c,0x27,0xc4,0x0,0x29,0x90,0x18,0x3e,0x38,0x19,0x20,0xe,0x47,0x19,0x9,0x9,0x9,
  0x20,0x13,0xb8,0x2c,0x28,0x6c,0x6a,0x22,0xf4,0x2e,0x39,0xec,0x2b,0x99,0x6d,0x20,0xff,0xd2,0x9,0x9,0x9,0xcc,0x80,0x20,
  0xa,0xc0,0x2c,0x28,0x14,0x4,0x2d,0xb8,0x1a,0x26,0x34,0x6a,0x20,0x31,0xd0,0x2c,0x20,0x26,0xd4,0x4c,0xc4,0xe3,0x60,0xf5,
  0x29,0xd4,0x2c,0x2c,0xc8,0x9,0x20,0x4,0xd9,0x2c,0x9,0x20,0x6,0xdd,0x2c,0x9,0x6c,0xde,0x20,0x12,0xe0,0x2c,0xc4,0x5b,
  0xd8,0x0,0x6c,0xce,0xa8,0x1,0x2c,0x0,0x2d,0x3a,0x20,0xe,0x22,0xc0,0x28,0xa8,0x3b,0x2b,0x80,0xa,0x3e,0x54,0x55,0x29,
  0x60,0xb,0x2b,0xf4,0x23,0x20,0x4,0xdc,0x0,0x23,0xa4,0x39,0xd0,0xe,0x3f,0x39,0x56,0x9,0x22,0x80,0x29,0xd0,0x63,0x23,
  0xac,0x27,0xa1,0x7,0x79,0x3c,0xe0,0x0,0x23,0xb0,0x21,0x29,0x90,0x2,0x23,0xf4,0x20,0x24,0x0,0x4f,0xdc,0x7,0x22,0x38,
  0x4b,0x30,0x94,0x2f,0xb0,0x3,0xb0,0x5f,0x2e,0x44,0x56,0x20,0x26,0x70,0x9,0x27,0x28,0x2,0x28,0x78,0x9,0xb4,0x15,0x28,
  0x54,0x5d,0x88,0x4,0x32,0x80,0x9,0x80,0x3,0x22,0x0,0x35,0xa4,0x6,0x60,0x68,0x20,0x16,0x51,0x56,0x9,0x26,0xf8,0x55,
  0x8c,0x1d,0x29,0xd0,0x1c,0xfc,0x2,0xb4,0xe9,0x22,0x40,0x23,0xac,0xd,0x29,0x24,0xb,0x94,0x10,0x25,0xe0,0x37,0x25,0x28,
  0x38,0x26,0x5c,0x56,0x80,0x59,0x9c,0x3,0x20,0xb,0x60,0x56,0xb0,0x56,0x2f,0x80,0x16,0x20,0x2b,0x90,0x18,0x8c,0x12,0x20,
  0x3,0xe5,0x37,0x9,0x30,0x50,0x8,0x3f,0xe8,0x37,0x25,0x98,0x37,0x2e,0x28,0x5,0x2a,0x58,0x22,0x60,0x29,0xfc,0x9e,0x7c,
  0x74,0x23,0x28,0x28,0x94,0xb1,0x2d,0x88,0x1c,0x23,0x80,0x2f,0x27,0x98,0x2c,0x22,0xcc,0x93,0x32,0x75,0x55,0x9,0x29,
  0x6c,0xb,0xd4,0x95,0x20,0x3d,0x1c,0x2f,0x20,0x0,0x5a,0x7c,0x5a,0xf8,0x62,0x80,0x43,0x78,0xb5,0x26,0xa4,0x3c,0x27,0xb8,
  0x81,0x22,0xf0,0x4d,0x2e,0x7c,0x3f,0x8c,0x51,0x27,0x78,0x3f,0xb4,0x1,0x26,0x24,0x5f,0xdc,0x5,0x26,0xcc,0x40,0x88,0x49,
  0xd0,0xa,0x20,0x2c,0xd0,0x40,0x28,0x3c,0x3a,0x94,0x6f,0x22,0xbc,0x37,0x2a,0xd5,0x40,0x9,0x20,0x3c,0xd8,0x40,0x26,0xec,
  0x37,0x25,0xf4,0x35,0x26,0xdc,0x40,0x29,0x10,0x27,0x6c,0x1d,0x22,0x34,0x40,0x33,0x78,0x54,0x94,0x2d,0x29,0xb0,0x0,
  0x3b,0xe8,0x40,0x26,0xa4,0x23,0x74,0x33,0xa4,0xc8,0x2b,0x30,0x1d,0x2a,0xb8,0x53,0x22,0x60,0x81,0x78,0xb6,0x28,0xa8,
  0x0,0x2b,0xfc,0x1c,0x2a,0xa8,0x0,0x28,0x64,0x54,0x60,0xf8,0x27,0x5c,0x1,0x78,0xc6,0x35,0xf9,0x40,0x9,0xb0,0x4,0x3a,
  0xfc,0x40,0xe8,0x15,0x2e,0x48,0x26,0xbd,0x91,0x9,0x20,0x5,0xc,0x41,0x84,0x46,0xac,0xd,0x20,0x44,0xf0,0x11,0x28,0xb4,
  0x50,0xac,0xd1,0x27,0x78,0x14,0x22,0xfc,0x68,0x34,0x78,0x14,0x22,0x90,0x53,0x27,0x88,0x70,0x20,0x1f,0x18,0x41,0xec,
  0x49,0x20,0x2e,0x1c,0x41,0x3f,0x20,0x41,0xbc,0xe2,0x78,0xc5,0x26,0x78,0x8a,0xd4,0x59,0x22,0x4d,0x24,0x7d,0x30,0x3c,
  0x41,0x23,0xec,0x77,0x8,0x5f,0x74,0x20,0x51,0x75,0x61,0x6e,0x74,0x69,0x7a,0x65,0xdc,0xdd,0x3,0x74,0x20,0x72,0x61,0x77,
  0x5f,0x90,0x3,0x22,0x3f,0x6d,0x74,0x20,0x71,0x7c,0x3,0x25,0x2c,0x3c,0x28,0x9c,0x3d,0x22,0x6c,0x4d,0x27,0xa2,0x0,0x20,
  0x25,0xb4,0x4,0x64,0xd,0xa8,0x4,0x9c,0x7,0x7,0x5f,0x74,0x20,0x64,0x65,0x6c,0x74,0x61,0x20,0x3d,0x64,0x31,0x4,0x32,
  0x20,0x2a,0x20,0x72,0x20,0x3e,0xa6,0x5,0x20,0x3f,0xdc,0x0,0x6,0x2d,0x20,0x72,0x20,0x3a,0x20,0x28,0x2d,0x32,0x22,0x14,
  0x9b,0x2a,0x79,0x0,0x2d,0x9c,0xe,0x1,0x20,0x2d,0x20,0x72,0x70,0x7,0x74,0x60,0xcc,0x0,0x2,0x20,0x3a,0x20,0x2d,0x72,
  0x64,0xd,0x25,0xc4,0x44,0x28,0x15,0x2,0x2b,0xb8,0xd,0x31,0xec,0x44,0x1,0x62,0x6f,0x6f,0x6c,0x27,0xa0,0x3,0x24,0xf8,
  0x6f,0xe4,0x14,0x84,0x53,0x31,0xd4,0xb7,0x2b,0xc0,0x42,0x61,0x70,0x71,0x2d,0x90,0x0,0xc8,0x22,0x88,0xb,0x22,0x0,0x40,
  0x7,0x67,0x65,0x64,0x20,0x3d,0x20,0x66,0x61,0x6c,0x73,0x23,0xbc,0x61,0x27,0xc0,0x38,0x38,0x4e,0x92,0x2b,0x2b,0x23,
  0xa8,0xa0,0x94,0x87,0xf8,0x11,0x9e,0x0,0x20,0x3d,0x27,0xb0,0x2,0x25,0x6c,0xa0,0x4,0x6b,0x5d,0x2c,0x20,0x71,0x5b,0x6b,
  0x25,0x9c,0x84,0x28,0xb8,0x1,0xe7,0x1,0x7c,0x7c,0x20,0xbc,0x37,0x22,0xf4,0x63,0xc8,0x1a,0xd0,0x5,0xf4,0x1,0x22,0xd4,
  0x5b,0x22,0xbc,0x3c,0x68,0x27,0x74,0x44,0xd8,0x27,0xc4,0x8,0xf0,0x26,0x0,0x26,0x23,0x69,0x66,0x64,0x65,0x66,0x20,0x5f,
  0x5f,0x55,0x53,0x45,0x5f,0x44,0x4f,0x55,0x42,0x4c,0x45,0x5f,0x41,0x53,0x5f,0x46,0x4c,0x4f,0x41,0x54,0x5f,0x5f,0xd,0xa,
  0x23,0x75,0x6e,0x64,0x65,0x66,0x20,0x64,0x6f,0x75,0x62,0x6c,0x65,0xd,0xa,0x23,0x65,0x6e,0x64,0x69,0x66,0xd,0xa,0xd,
  0xc4,0x1,0x0,0x1,0x20,0x2f,0x2f,0x5f,0x5f,0x55,0x53,0x45,0x5f,0x4f,0x50,0x45,0x4e,0x43,0x4c,0x5f,0x5f,0xd,0xa,0x11,
  0x0,0x0};